timestamp,predicted_occupancy,actual_occupancy,temperature,light_level,light_status,hvac_status,anomaly_detected,anomaly_reason,temperature_sensor_health,light_sensor_health,motion_sensor_health,control_reason
2026-01-05 00:00:00,0,0,20.91,55,OFF,OFF,0,none,normal,normal,normal,light_unoccupied; hvac_unoccupied
2026-01-05 00:05:00,0,0,20.76,0,OFF,OFF,0,none,normal,normal,normal,light_unoccupied; hvac_unoccupied
2026-01-05 00:10:00,0,0,20.78,8,OFF,OFF,0,none,normal,normal,normal,light_unoccupied; hvac_unoccupied
2026-01-05 00:15:00,0,0,20.7,8,OFF,OFF,0,none,normal,normal,normal,light_unoccupied; hvac_unoccupied
2026-01-05 00:20:00,0,0,20.61,0,OFF,OFF,0,none,normal,normal,normal,light_unoccupied; hvac_unoccupied
2026-01-05 00:25:00,0,0,20.45,93,OFF,OFF,0,none,normal,normal,normal,light_unoccupied; hvac_unoccupied
2026-01-05 00:30:00,0,0,20.34,7,OFF,OFF,0,none,normal,normal,normal,light_unoccupied; hvac_unoccupied
2026-01-05 00:35:00,0,0,20.41,0,OFF,OFF,0,none,normal,normal,normal,light_unoccupied; hvac_unoccupied
2026-01-05 00:40:00,0,0,20.38,10,OFF,OFF,0,none,normal,normal,normal,light_unoccupied; hvac_unoccupied
2026-01-05 00:45:00,0,0,20.33,0,OFF,OFF,0,none,normal,normal,normal,light_unoccupied; hvac_unoccupied
2026-01-05 00:50:00,0,0,20.2,0,OFF,OFF,0,none,normal,normal,normal,light_unoccupied; hvac_unoccupied
2026-01-05 00:55:00,0,0,20.12,44,OFF,OFF,0,none,normal,normal,normal,light_unoccupied; hvac_unoccupied
2026-01-05 01:00:00,0,0,20.13,0,OFF,OFF,0,none,normal,normal,normal,light_unoccupied; hvac_unoccupied
2026-01-05 01:05:00,0,0,20.1,0,OFF,OFF,0,none,normal,normal,normal,light_unoccupied; hvac_unoccupied
2026-01-05 01:10:00,0,0,20.04,55,OFF,OFF,0,none,normal,normal,normal,light_unoccupied; hvac_unoccupied
2026-01-05 01:15:00,0,0,19.9,56,OFF,OFF,0,none,normal,normal,normal,light_unoccupied; hvac_unoccupied
2026-01-05 01:20:00,0,0,19.84,28,OFF,OFF,0,none,normal,normal,normal,light_unoccupied; hvac_unoccupied
2026-01-05 01:25:00,0,0,19.75,0,OFF,OFF,0,none,normal,normal,normal,light_unoccupied; hvac_unoccupied
2026-01-05 01:30:00,0,0,19.7,1,OFF,OFF,0,none,normal,normal,normal,light_unoccupied; hvac_unoccupied
2026-01-05 01:35:00,0,0,19.77,0,OFF,OFF,0,none,normal,normal,normal,light_unoccupied; hvac_unoccupied
2026-01-05 01:40:00,0,0,19.8,0,OFF,OFF,0,none,normal,normal,normal,light_unoccupied; hvac_unoccupied
2026-01-05 01:45:00,0,0,19.84,0,OFF,OFF,0,none,normal,normal,normal,light_unoccupied; hvac_unoccupied
2026-01-05 01:50:00,0,0,19.61,0,OFF,OFF,0,none,normal,normal,normal,light_unoccupied; hvac_unoccupied
2026-01-05 01:55:00,0,0,19.63,0,OFF,OFF,0,none,normal,normal,normal,light_unoccupied; hvac_unoccupied
2026-01-05 02:00:00,0,0,19.56,0,OFF,OFF,0,none,normal,normal,normal,light_unoccupied; hvac_unoccupied
2026-01-05 02:05:00,0,0,19.63,17,OFF,OFF,0,none,normal,normal,normal,light_unoccupied; hvac_unoccupied
2026-01-05 02:10:00,0,0,19.59,18,OFF,OFF,0,none,normal,normal,normal,light_unoccupied; hvac_unoccupied
2026-01-05 02:15:00,0,0,19.56,69,OFF,OFF,0,none,normal,normal,normal,light_unoccupied; hvac_unoccupied
2026-01-05 02:20:00,0,0,19.46,0,OFF,OFF,0,none,normal,normal,normal,light_unoccupied; hvac_unoccupied
2026-01-05 02:25:00,0,0,19.48,20,OFF,OFF,0,none,normal,normal,normal,light_unoccupied; hvac_unoccupied
2026-01-05 02:30:00,0,0,19.5,20,OFF,OFF,0,none,normal,normal,normal,light_unoccupied; hvac_unoccupied
2026-01-05 02:35:00,0,0,19.58,1,OFF,OFF,0,none,normal,normal,normal,light_unoccupied; hvac_unoccupied
2026-01-05 02:40:00,0,0,19.47,36,OFF,OFF,0,none,normal,normal,normal,light_unoccupied; hvac_unoccupied
2026-01-05 02:45:00,0,0,19.38,37,OFF,OFF,0,none,normal,normal,normal,light_unoccupied; hvac_unoccupied
2026-01-05 02:50:00,0,0,19.4,21,OFF,OFF,0,none,normal,normal,normal,light_unoccupied; hvac_unoccupied
2026-01-05 02:55:00,0,0,19.52,1,OFF,OFF,0,none,normal,normal,normal,light_unoccupied; hvac_unoccupied
2026-01-05 03:00:00,0,0,19.6,0,OFF,OFF,0,none,normal,normal,normal,light_unoccupied; hvac_unoccupied
2026-01-05 03:05:00,0,0,19.52,0,OFF,OFF,0,none,normal,normal,normal,light_unoccupied; hvac_unoccupied
2026-01-05 03:10:00,0,0,19.45,0,OFF,OFF,0,none,normal,normal,normal,light_unoccupied; hvac_unoccupied
2026-01-05 03:15:00,0,0,19.44,0,OFF,OFF,0,none,normal,normal,normal,light_unoccupied; hvac_unoccupied
2026-01-05 03:20:00,0,0,19.56,0,OFF,OFF,0,none,normal,normal,normal,light_unoccupied; hvac_unoccupied
2026-01-05 03:25:00,0,0,19.59,25,OFF,OFF,0,none,normal,normal,normal,light_unoccupied; hvac_unoccupied
2026-01-05 03:30:00,0,0,19.45,51,OFF,OFF,0,none,normal,normal,normal,light_unoccupied; hvac_unoccupied
2026-01-05 03:35:00,0,0,19.44,0,OFF,OFF,0,none,normal,normal,normal,light_unoccupied; hvac_unoccupied
2026-01-05 03:40:00,0,1,19.42,44,OFF,OFF,0,none,normal,normal,normal,light_unoccupied; hvac_unoccupied
2026-01-05 03:45:00,0,0,19.55,0,OFF,OFF,0,none,normal,normal,normal,light_unoccupied; hvac_unoccupied
2026-01-05 03:50:00,0,0,19.57,0,OFF,OFF,0,none,normal,normal,normal,light_unoccupied; hvac_unoccupied
2026-01-05 03:55:00,0,0,19.66,0,OFF,OFF,0,none,normal,normal,normal,light_unoccupied; hvac_unoccupied
2026-01-05 04:00:00,0,0,19.67,31,OFF,OFF,0,none,normal,normal,normal,light_unoccupied; hvac_unoccupied
2026-01-05 04:05:00,0,0,19.74,0,OFF,OFF,0,none,normal,normal,normal,light_unoccupied; hvac_unoccupied
2026-01-05 04:10:00,0,0,19.78,45,OFF,OFF,0,none,normal,normal,normal,light_unoccupied; hvac_unoccupied
2026-01-05 04:15:00,0,0,19.89,1,OFF,OFF,0,none,normal,normal,normal,light_unoccupied; hvac_unoccupied
2026-01-05 04:20:00,0,0,19.84,0,OFF,OFF,0,none,normal,normal,normal,light_unoccupied; hvac_unoccupied
2026-01-05 04:25:00,0,0,19.78,0,OFF,OFF,0,none,normal,normal,normal,light_unoccupied; hvac_unoccupied
2026-01-05 04:30:00,0,0,19.86,18,OFF,OFF,0,none,normal,normal,normal,light_unoccupied; hvac_unoccupied
2026-01-05 04:35:00,0,0,19.86,41,OFF,OFF,0,none,normal,normal,normal,light_unoccupied; hvac_unoccupied
2026-01-05 04:40:00,0,0,19.95,19,OFF,OFF,0,none,normal,normal,normal,light_unoccupied; hvac_unoccupied
2026-01-05 04:45:00,0,0,19.89,88,OFF,OFF,0,none,normal,normal,normal,light_unoccupied; hvac_unoccupied
2026-01-05 04:50:00,0,0,19.95,60,OFF,OFF,0,none,normal,normal,normal,light_unoccupied; hvac_unoccupied
2026-01-05 04:55:00,0,0,19.85,0,OFF,OFF,0,none,normal,normal,normal,light_unoccupied; hvac_unoccupied
2026-01-05 05:00:00,0,0,19.9,0,OFF,OFF,0,none,normal,normal,normal,light_unoccupied; hvac_unoccupied
2026-01-05 05:05:00,0,1,20.02,51,OFF,OFF,0,none,normal,normal,normal,light_unoccupied; hvac_unoccupied
2026-01-05 05:10:00,0,1,20.16,5,OFF,OFF,0,none,normal,normal,normal,light_unoccupied; hvac_unoccupied
2026-01-05 05:15:00,0,1,20.37,75,OFF,OFF,0,none,normal,normal,normal,light_unoccupied; hvac_unoccupied
2026-01-05 05:20:00,0,1,20.51,47,OFF,OFF,0,none,normal,normal,normal,light_unoccupied; hvac_unoccupied
2026-01-05 05:25:00,0,0,20.68,18,OFF,OFF,0,none,normal,normal,normal,light_unoccupied; hvac_unoccupied
2026-01-05 05:30:00,0,0,20.79,34,OFF,OFF,0,none,normal,normal,normal,light_unoccupied; hvac_unoccupied
2026-01-05 05:35:00,0,0,20.73,70,OFF,OFF,0,none,normal,normal,normal,light_unoccupied; hvac_unoccupied
2026-01-05 05:40:00,0,0,20.83,15,OFF,OFF,0,none,normal,normal,normal,light_unoccupied; hvac_unoccupied
2026-01-05 05:45:00,0,0,20.92,24,OFF,OFF,0,none,normal,normal,normal,light_unoccupied; hvac_unoccupied
2026-01-05 05:50:00,0,0,21.16,62,OFF,OFF,0,none,normal,normal,normal,light_unoccupied; hvac_unoccupied
2026-01-05 05:55:00,0,0,21.22,43,OFF,OFF,0,none,normal,normal,normal,light_unoccupied; hvac_unoccupied
2026-01-05 06:00:00,0,0,21.19,0,OFF,OFF,0,none,normal,normal,normal,light_unoccupied; hvac_unoccupied
2026-01-05 06:05:00,0,0,21.1,25,OFF,OFF,0,none,normal,normal,normal,light_unoccupied; hvac_unoccupied
2026-01-05 06:10:00,0,0,21.05,46,OFF,OFF,0,none,normal,normal,normal,light_unoccupied; hvac_unoccupied
2026-01-05 06:15:00,0,0,21.03,67,OFF,OFF,0,none,normal,normal,normal,light_unoccupied; hvac_unoccupied
2026-01-05 06:20:00,0,0,20.96,21,OFF,OFF,0,none,normal,normal,normal,light_unoccupied; hvac_unoccupied
2026-01-05 06:25:00,0,1,21.04,55,OFF,OFF,0,none,normal,normal,normal,light_unoccupied; hvac_unoccupied
2026-01-05 06:30:00,0,1,21.23,92,OFF,OFF,0,none,normal,normal,normal,light_unoccupied; hvac_unoccupied
2026-01-05 06:35:00,0,1,21.46,104,OFF,OFF,0,none,normal,normal,normal,light_unoccupied; hvac_unoccupied
2026-01-05 06:40:00,0,1,21.55,130,OFF,OFF,0,none,normal,normal,normal,light_unoccupied; hvac_unoccupied
2026-01-05 06:45:00,0,1,21.57,189,OFF,OFF,0,none,normal,normal,normal,light_unoccupied; hvac_unoccupied
2026-01-05 06:50:00,0,1,21.81,176,OFF,OFF,0,none,normal,normal,normal,light_unoccupied; hvac_unoccupied
2026-01-05 06:55:00,0,1,22.07,203,OFF,OFF,0,none,normal,normal,normal,light_unoccupied; hvac_unoccupied
2026-01-05 07:00:00,0,1,22.38,168,OFF,OFF,0,none,normal,normal,normal,light_unoccupied; hvac_unoccupied
2026-01-05 07:05:00,1,1,22.51,209,ON,OFF,0,none,normal,normal,normal,light_occupied_and_dark; hvac_occupied_within_comfort_band
2026-01-05 07:10:00,1,1,22.76,260,ON,OFF,0,none,normal,normal,normal,light_occupied_and_dark; hvac_occupied_within_comfort_band
2026-01-05 07:15:00,1,1,22.91,274,ON,OFF,0,none,normal,normal,normal,light_occupied_and_dark; hvac_occupied_within_comfort_band
2026-01-05 07:20:00,1,1,23.1,242,ON,OFF,0,none,normal,normal,normal,light_occupied_and_dark; hvac_occupied_within_comfort_band
2026-01-05 07:25:00,1,1,23.2,287,ON,OFF,0,none,normal,normal,normal,light_occupied_and_dark; hvac_occupied_within_comfort_band
2026-01-05 07:30:00,1,1,23.27,372,OFF,OFF,0,none,normal,normal,normal,light_occupied_but_bright; hvac_occupied_within_comfort_band
2026-01-05 07:35:00,1,1,23.49,308,OFF,OFF,0,none,normal,normal,normal,light_occupied_but_bright; hvac_occupied_within_comfort_band
2026-01-05 07:40:00,1,0,23.54,273,ON,OFF,0,none,normal,normal,normal,light_occupied_and_dark; hvac_occupied_within_comfort_band
2026-01-05 07:45:00,1,0,23.63,304,OFF,OFF,0,none,normal,normal,normal,light_occupied_but_bright; hvac_occupied_within_comfort_band
2026-01-05 07:50:00,1,0,23.47,327,OFF,OFF,0,none,normal,normal,normal,light_occupied_but_bright; hvac_occupied_within_comfort_band
2026-01-05 07:55:00,1,1,23.42,356,OFF,OFF,0,none,normal,normal,normal,light_occupied_but_bright; hvac_occupied_within_comfort_band
2026-01-05 08:00:00,1,0,23.37,348,OFF,OFF,0,none,normal,normal,normal,light_occupied_but_bright; hvac_occupied_within_comfort_band
2026-01-05 08:05:00,1,1,23.5,337,OFF,OFF,0,none,normal,normal,normal,light_occupied_but_bright; hvac_occupied_within_comfort_band
2026-01-05 08:10:00,1,1,23.57,366,OFF,OFF,0,none,normal,normal,normal,light_occupied_but_bright; hvac_occupied_within_comfort_band
2026-01-05 08:15:00,1,1,23.62,407,OFF,OFF,0,none,normal,normal,normal,light_occupied_but_bright; hvac_occupied_within_comfort_band
2026-01-05 08:20:00,1,1,23.66,419,OFF,OFF,0,none,normal,normal,normal,light_occupied_but_bright; hvac_occupied_within_comfort_band
2026-01-05 08:25:00,1,1,23.79,417,OFF,OFF,0,none,normal,normal,normal,light_occupied_but_bright; hvac_occupied_within_comfort_band
2026-01-05 08:30:00,1,1,24.01,442,OFF,OFF,0,none,normal,normal,normal,light_occupied_but_bright; hvac_occupied_within_comfort_band
2026-01-05 08:35:00,1,1,24.1,462,OFF,OFF,0,none,normal,normal,normal,light_occupied_but_bright; hvac_occupied_within_comfort_band
2026-01-05 08:40:00,1,1,24.24,503,OFF,OFF,0,none,normal,normal,normal,light_occupied_but_bright; hvac_occupied_within_comfort_band
2026-01-05 08:45:00,1,1,24.36,479,OFF,OFF,0,none,normal,normal,normal,light_occupied_but_bright; hvac_occupied_within_comfort_band
2026-01-05 08:50:00,1,1,24.5,508,OFF,OFF,0,none,normal,normal,normal,light_occupied_but_bright; hvac_occupied_within_comfort_band
2026-01-05 08:55:00,1,1,24.59,486,OFF,OFF,0,none,normal,normal,normal,light_occupied_but_bright; hvac_occupied_within_comfort_band
2026-01-05 09:00:00,1,1,24.67,535,OFF,OFF,0,none,normal,normal,normal,light_occupied_but_bright; hvac_occupied_within_comfort_band
2026-01-05 09:05:00,1,1,24.79,539,OFF,OFF,0,none,normal,normal,normal,light_occupied_but_bright; hvac_occupied_within_comfort_band
2026-01-05 09:10:00,1,1,25.01,566,OFF,OFF,0,none,normal,normal,normal,light_occupied_but_bright; hvac_occupied_within_comfort_band
2026-01-05 09:15:00,1,1,25.16,571,OFF,OFF,0,none,normal,normal,normal,light_occupied_but_bright; hvac_occupied_within_comfort_band
2026-01-05 09:20:00,1,1,25.32,576,OFF,OFF,0,none,normal,normal,normal,light_occupied_but_bright; hvac_occupied_within_comfort_band
2026-01-05 09:25:00,1,1,25.24,561,OFF,OFF,0,none,normal,normal,normal,light_occupied_but_bright; hvac_occupied_within_comfort_band
2026-01-05 09:30:00,1,1,25.41,583,OFF,OFF,0,none,normal,normal,normal,light_occupied_but_bright; hvac_occupied_within_comfort_band
2026-01-05 09:35:00,1,1,25.45,620,OFF,OFF,0,none,normal,normal,normal,light_occupied_but_bright; hvac_occupied_within_comfort_band
2026-01-05 09:40:00,1,1,25.77,569,OFF,OFF,0,none,normal,normal,normal,light_occupied_but_bright; hvac_occupied_within_comfort_band
2026-01-05 09:45:00,1,1,25.68,578,OFF,OFF,0,none,normal,normal,normal,light_occupied_but_bright; hvac_occupied_within_comfort_band
2026-01-05 09:50:00,1,1,25.77,614,OFF,OFF,0,none,normal,normal,normal,light_occupied_but_bright; hvac_occupied_within_comfort_band
2026-01-05 09:55:00,1,1,25.64,630,OFF,OFF,0,none,normal,normal,normal,light_occupied_but_bright; hvac_occupied_within_comfort_band
2026-01-05 10:00:00,1,1,25.82,595,OFF,OFF,0,none,normal,normal,normal,light_occupied_but_bright; hvac_occupied_within_comfort_band
2026-01-05 10:05:00,1,1,25.89,628,OFF,OFF,0,none,normal,normal,normal,light_occupied_but_bright; hvac_occupied_within_comfort_band
2026-01-05 10:10:00,1,1,26.03,634,OFF,COOLING,0,none,normal,normal,normal,light_occupied_but_bright; hvac_occupied_and_hot
2026-01-05 10:15:00,1,1,26.03,567,OFF,COOLING,0,none,normal,normal,normal,light_occupied_but_bright; hvac_occupied_and_hot
2026-01-05 10:20:00,1,1,26.2,643,OFF,COOLING,0,none,normal,normal,normal,light_occupied_but_bright; hvac_occupied_and_hot
2026-01-05 10:25:00,1,1,26.37,651,OFF,COOLING,0,none,normal,normal,normal,light_occupied_but_bright; hvac_occupied_and_hot
2026-01-05 10:30:00,1,1,26.61,657,OFF,COOLING,0,none,normal,normal,normal,light_occupied_but_bright; hvac_occupied_and_hot
2026-01-05 10:35:00,1,1,26.62,718,OFF,COOLING,0,none,normal,normal,normal,light_occupied_but_bright; hvac_occupied_and_hot
2026-01-05 10:40:00,1,1,26.68,631,OFF,COOLING,0,none,normal,normal,normal,light_occupied_but_bright; hvac_occupied_and_hot
2026-01-05 10:45:00,1,0,26.56,625,OFF,COOLING,0,none,normal,normal,normal,light_occupied_but_bright; hvac_occupied_and_hot
2026-01-05 10:50:00,1,1,26.62,592,OFF,COOLING,0,none,normal,normal,normal,light_occupied_but_bright; hvac_occupied_and_hot
2026-01-05 10:55:00,1,1,26.61,671,OFF,COOLING,0,none,normal,normal,normal,light_occupied_but_bright; hvac_occupied_and_hot
2026-01-05 11:00:00,1,1,26.78,677,OFF,COOLING,0,none,normal,normal,normal,light_occupied_but_bright; hvac_occupied_and_hot
2026-01-05 11:05:00,1,1,26.92,677,OFF,COOLING,0,none,normal,normal,normal,light_occupied_but_bright; hvac_occupied_and_hot
2026-01-05 11:10:00,1,1,27.07,737,OFF,COOLING,0,none,normal,normal,normal,light_occupied_but_bright; hvac_occupied_and_hot
2026-01-05 11:15:00,1,1,27.08,732,OFF,COOLING,0,none,normal,normal,normal,light_occupied_but_bright; hvac_occupied_and_hot
2026-01-05 11:20:00,1,1,27.15,707,OFF,COOLING,0,none,normal,normal,normal,light_occupied_but_bright; hvac_occupied_and_hot
2026-01-05 11:25:00,1,1,27.17,694,OFF,COOLING,0,none,normal,normal,normal,light_occupied_but_bright; hvac_occupied_and_hot
2026-01-05 11:30:00,1,1,27.27,745,OFF,COOLING,0,none,normal,normal,normal,light_occupied_but_bright; hvac_occupied_and_hot
2026-01-05 11:35:00,1,1,27.26,710,OFF,COOLING,0,none,normal,normal,normal,light_occupied_but_bright; hvac_occupied_and_hot
2026-01-05 11:40:00,1,1,27.3,683,OFF,COOLING,0,none,normal,normal,normal,light_occupied_but_bright; hvac_occupied_and_hot
2026-01-05 11:45:00,1,1,27.51,653,OFF,COOLING,0,none,normal,normal,normal,light_occupied_but_bright; hvac_occupied_and_hot
2026-01-05 11:50:00,1,1,27.67,698,OFF,COOLING,0,none,normal,normal,normal,light_occupied_but_bright; hvac_occupied_and_hot
2026-01-05 11:55:00,1,1,27.81,741,OFF,COOLING,0,none,normal,normal,normal,light_occupied_but_bright; hvac_occupied_and_hot
2026-01-05 12:00:00,1,1,27.78,794,OFF,COOLING,0,none,normal,normal,normal,light_occupied_but_bright; hvac_occupied_and_hot
2026-01-05 12:05:00,1,1,27.95,716,OFF,COOLING,0,none,normal,normal,normal,light_occupied_but_bright; hvac_occupied_and_hot
2026-01-05 12:10:00,1,1,28.06,687,OFF,COOLING,0,none,normal,normal,normal,light_occupied_but_bright; hvac_occupied_and_hot
2026-01-05 12:15:00,1,1,28.1,672,OFF,COOLING,0,none,normal,normal,normal,light_occupied_but_bright; hvac_occupied_and_hot
2026-01-05 12:20:00,1,1,28.02,731,OFF,COOLING,0,none,normal,normal,normal,light_occupied_but_bright; hvac_occupied_and_hot
2026-01-05 12:25:00,1,1,28.0,649,OFF,COOLING,0,none,normal,normal,normal,light_occupied_but_bright; hvac_occupied_and_hot
2026-01-05 12:30:00,1,1,28.1,728,OFF,COOLING,0,none,normal,normal,normal,light_occupied_but_bright; hvac_occupied_and_hot
2026-01-05 12:35:00,1,1,28.13,735,OFF,COOLING,0,none,normal,normal,normal,light_occupied_but_bright; hvac_occupied_and_hot
2026-01-05 12:40:00,1,1,40.89,719,OFF,COOLING,0,none,normal,normal,normal,light_occupied_but_bright; hvac_occupied_and_hot
2026-01-05 12:45:00,1,1,28.34,694,OFF,COOLING,0,none,normal,normal,normal,light_occupied_but_bright; hvac_occupied_and_hot
2026-01-05 12:50:00,1,0,28.31,693,OFF,COOLING,0,none,normal,normal,normal,light_occupied_but_bright; hvac_occupied_and_hot
2026-01-05 12:55:00,1,1,28.24,701,OFF,COOLING,0,none,normal,normal,normal,light_occupied_but_bright; hvac_occupied_and_hot
2026-01-05 13:00:00,1,1,28.15,664,OFF,COOLING,0,none,normal,normal,normal,light_occupied_but_bright; hvac_occupied_and_hot
2026-01-05 13:05:00,1,1,28.24,752,OFF,COOLING,0,none,normal,normal,normal,light_occupied_but_bright; hvac_occupied_and_hot
2026-01-05 13:10:00,1,1,28.44,671,OFF,COOLING,0,none,normal,normal,normal,light_occupied_but_bright; hvac_occupied_and_hot
2026-01-05 13:15:00,1,1,28.55,706,OFF,COOLING,0,none,normal,normal,normal,light_occupied_but_bright; hvac_occupied_and_hot
2026-01-05 13:20:00,1,1,28.66,589,OFF,COOLING,0,none,normal,normal,normal,light_occupied_but_bright; hvac_occupied_and_hot
2026-01-05 13:25:00,1,1,28.58,713,OFF,COOLING,0,none,normal,normal,normal,light_occupied_but_bright; hvac_occupied_and_hot
2026-01-05 13:30:00,1,0,28.51,689,OFF,COOLING,0,none,normal,normal,normal,light_occupied_but_bright; hvac_occupied_and_hot
2026-01-05 13:35:00,1,1,28.39,658,OFF,COOLING,0,none,normal,normal,normal,light_occupied_but_bright; hvac_occupied_and_hot
2026-01-05 13:40:00,1,1,28.43,670,OFF,COOLING,0,none,normal,normal,normal,light_occupied_but_bright; hvac_occupied_and_hot
2026-01-05 13:45:00,1,1,28.5,664,OFF,COOLING,0,none,normal,normal,normal,light_occupied_but_bright; hvac_occupied_and_hot
2026-01-05 13:50:00,1,1,28.71,615,OFF,COOLING,0,none,normal,normal,normal,light_occupied_but_bright; hvac_occupied_and_hot
2026-01-05 13:55:00,1,1,28.73,650,OFF,COOLING,0,none,normal,normal,normal,light_occupied_but_bright; hvac_occupied_and_hot
2026-01-05 14:00:00,1,1,28.76,595,OFF,COOLING,0,none,normal,normal,normal,light_occupied_but_bright; hvac_occupied_and_hot
2026-01-05 14:05:00,1,1,28.73,595,OFF,COOLING,0,none,normal,normal,normal,light_occupied_but_bright; hvac_occupied_and_hot
2026-01-05 14:10:00,1,0,28.76,622,OFF,COOLING,0,none,normal,normal,normal,light_occupied_but_bright; hvac_occupied_and_hot
2026-01-05 14:15:00,1,1,28.68,634,OFF,COOLING,0,none,normal,normal,normal,light_occupied_but_bright; hvac_occupied_and_hot
2026-01-05 14:20:00,1,1,28.68,567,OFF,COOLING,0,none,normal,normal,normal,light_occupied_but_bright; hvac_occupied_and_hot
2026-01-05 14:25:00,1,1,28.65,557,OFF,COOLING,0,none,normal,normal,normal,light_occupied_but_bright; hvac_occupied_and_hot
2026-01-05 14:30:00,1,1,28.73,551,OFF,COOLING,0,none,normal,normal,normal,light_occupied_but_bright; hvac_occupied_and_hot
2026-01-05 14:35:00,1,1,28.64,590,OFF,COOLING,0,none,normal,normal,normal,light_occupied_but_bright; hvac_occupied_and_hot
2026-01-05 14:40:00,1,1,28.69,520,OFF,COOLING,0,none,normal,normal,normal,light_occupied_but_bright; hvac_occupied_and_hot
2026-01-05 14:45:00,1,1,28.82,558,OFF,COOLING,0,none,normal,normal,normal,light_occupied_but_bright; hvac_occupied_and_hot
2026-01-05 14:50:00,1,1,29.02,562,OFF,COOLING,0,none,normal,normal,normal,light_occupied_but_bright; hvac_occupied_and_hot
2026-01-05 14:55:00,1,1,29.04,523,OFF,COOLING,0,none,normal,normal,normal,light_occupied_but_bright; hvac_occupied_and_hot
2026-01-05 15:00:00,1,1,29.07,551,OFF,COOLING,0,none,normal,normal,normal,light_occupied_but_bright; hvac_occupied_and_hot
2026-01-05 15:05:00,1,1,28.99,494,OFF,COOLING,0,none,normal,normal,normal,light_occupied_but_bright; hvac_occupied_and_hot
2026-01-05 15:10:00,1,1,29.06,486,OFF,COOLING,0,none,normal,normal,normal,light_occupied_but_bright; hvac_occupied_and_hot
2026-01-05 15:15:00,1,1,28.98,449,OFF,COOLING,0,none,normal,normal,normal,light_occupied_but_bright; hvac_occupied_and_hot
2026-01-05 15:20:00,1,1,28.99,507,OFF,COOLING,0,none,normal,normal,normal,light_occupied_but_bright; hvac_occupied_and_hot
2026-01-05 15:25:00,1,1,28.9,433,OFF,COOLING,0,none,normal,normal,normal,light_occupied_but_bright; hvac_occupied_and_hot
2026-01-05 15:30:00,1,1,28.81,461,OFF,COOLING,0,none,normal,normal,normal,light_occupied_but_bright; hvac_occupied_and_hot
2026-01-05 15:35:00,1,1,28.89,434,OFF,COOLING,0,none,normal,normal,normal,light_occupied_but_bright; hvac_occupied_and_hot
2026-01-05 15:40:00,1,1,28.88,388,OFF,COOLING,0,none,normal,normal,normal,light_occupied_but_bright; hvac_occupied_and_hot
2026-01-05 15:45:00,1,1,28.93,391,OFF,COOLING,0,none,normal,normal,normal,light_occupied_but_bright; hvac_occupied_and_hot
2026-01-05 15:50:00,1,1,28.79,448,OFF,COOLING,0,none,normal,normal,normal,light_occupied_but_bright; hvac_occupied_and_hot
2026-01-05 15:55:00,1,1,28.8,394,OFF,COOLING,0,none,normal,normal,normal,light_occupied_but_bright; hvac_occupied_and_hot
2026-01-05 16:00:00,1,1,28.9,339,OFF,COOLING,0,none,normal,normal,normal,light_occupied_but_bright; hvac_occupied_and_hot
2026-01-05 16:05:00,1,1,29.05,372,OFF,COOLING,0,none,normal,normal,normal,light_occupied_but_bright; hvac_occupied_and_hot
2026-01-05 16:10:00,1,0,28.91,318,OFF,COOLING,0,none,normal,normal,normal,light_occupied_but_bright; hvac_occupied_and_hot
2026-01-05 16:15:00,1,1,28.73,456,OFF,COOLING,0,none,normal,normal,normal,light_occupied_but_bright; hvac_occupied_and_hot
2026-01-05 16:20:00,1,1,28.51,332,OFF,COOLING,0,none,normal,normal,normal,light_occupied_but_bright; hvac_occupied_and_hot
2026-01-05 16:25:00,1,1,28.61,295,ON,COOLING,0,none,normal,normal,normal,light_occupied_and_dark; hvac_occupied_and_hot
2026-01-05 16:30:00,1,1,28.61,344,OFF,COOLING,0,none,normal,normal,normal,light_occupied_but_bright; hvac_occupied_and_hot
2026-01-05 16:35:00,1,1,28.6,217,ON,COOLING,0,none,normal,normal,normal,light_occupied_and_dark; hvac_occupied_and_hot
2026-01-05 16:40:00,1,1,28.52,270,ON,COOLING,0,none,normal,normal,normal,light_occupied_and_dark; hvac_occupied_and_hot
2026-01-05 16:45:00,1,1,28.45,323,OFF,COOLING,0,none,normal,normal,normal,light_occupied_but_bright; hvac_occupied_and_hot
2026-01-05 16:50:00,1,1,28.52,235,ON,COOLING,0,none,normal,normal,normal,light_occupied_and_dark; hvac_occupied_and_hot
2026-01-05 16:55:00,1,1,28.51,164,ON,COOLING,0,none,normal,normal,normal,light_occupied_and_dark; hvac_occupied_and_hot
2026-01-05 17:00:00,1,1,28.52,197,ON,COOLING,0,none,normal,normal,normal,light_occupied_and_dark; hvac_occupied_and_hot
2026-01-05 17:05:00,1,1,28.27,247,ON,COOLING,0,none,normal,normal,normal,light_occupied_and_dark; hvac_occupied_and_hot
2026-01-05 17:10:00,1,1,28.23,195,ON,COOLING,0,none,normal,normal,normal,light_occupied_and_dark; hvac_occupied_and_hot
2026-01-05 17:15:00,1,1,28.3,138,ON,COOLING,0,none,normal,normal,normal,light_occupied_and_dark; hvac_occupied_and_hot
2026-01-05 17:20:00,1,1,28.49,129,ON,COOLING,0,none,normal,normal,normal,light_occupied_and_dark; hvac_occupied_and_hot
2026-01-05 17:25:00,1,1,28.35,118,ON,COOLING,0,none,normal,normal,normal,light_occupied_and_dark; hvac_occupied_and_hot
2026-01-05 17:30:00,1,1,28.18,136,ON,COOLING,0,none,normal,normal,normal,light_occupied_and_dark; hvac_occupied_and_hot
2026-01-05 17:35:00,1,0,27.96,130,ON,COOLING,0,none,normal,normal,normal,light_occupied_and_dark; hvac_occupied_and_hot
2026-01-05 17:40:00,1,1,28.05,131,ON,COOLING,0,none,normal,normal,normal,light_occupied_and_dark; hvac_occupied_and_hot
2026-01-05 17:45:00,1,1,27.98,95,ON,COOLING,0,none,normal,normal,normal,light_occupied_and_dark; hvac_occupied_and_hot
2026-01-05 17:50:00,1,1,27.94,18,ON,COOLING,0,none,normal,normal,normal,light_occupied_and_dark; hvac_occupied_and_hot
2026-01-05 17:55:00,1,1,27.8,3,ON,COOLING,0,none,normal,normal,normal,light_occupied_and_dark; hvac_occupied_and_hot
2026-01-05 18:00:00,1,0,27.56,28,ON,COOLING,0,none,normal,normal,normal,light_occupied_and_dark; hvac_occupied_and_hot
2026-01-05 18:05:00,1,1,27.44,0,ON,COOLING,0,none,normal,normal,normal,light_occupied_and_dark; hvac_occupied_and_hot
2026-01-05 18:10:00,1,0,27.29,2,ON,COOLING,0,none,normal,normal,normal,light_occupied_and_dark; hvac_occupied_and_hot
2026-01-05 18:15:00,1,1,27.36,45,ON,COOLING,0,none,normal,normal,normal,light_occupied_and_dark; hvac_occupied_and_hot
2026-01-05 18:20:00,1,1,27.21,0,ON,COOLING,0,none,normal,normal,normal,light_occupied_and_dark; hvac_occupied_and_hot
2026-01-05 18:25:00,1,1,27.12,0,ON,COOLING,0,none,normal,normal,normal,light_occupied_and_dark; hvac_occupied_and_hot
2026-01-05 18:30:00,1,1,27.06,31,ON,COOLING,0,none,normal,normal,normal,light_occupied_and_dark; hvac_occupied_and_hot
2026-01-05 18:35:00,1,1,27.06,52,ON,COOLING,0,none,normal,normal,normal,light_occupied_and_dark; hvac_occupied_and_hot
2026-01-05 18:40:00,1,1,27.06,72,ON,COOLING,0,none,normal,normal,normal,light_occupied_and_dark; hvac_occupied_and_hot
2026-01-05 18:45:00,0,0,26.94,31,OFF,OFF,0,none,normal,normal,normal,light_unoccupied; hvac_unoccupied
2026-01-05 18:50:00,0,0,26.95,12,OFF,OFF,0,none,normal,normal,normal,light_unoccupied; hvac_unoccupied
2026-01-05 18:55:00,0,0,26.73,0,OFF,OFF,1,temperature_flatline,suspect,normal,normal,light_unoccupied; temperature_sensor_suspect
2026-01-05 19:00:00,0,0,26.75,0,OFF,OFF,1,temperature_flatline,suspect,normal,normal,light_unoccupied; temperature_sensor_suspect
2026-01-05 19:05:00,0,0,26.72,0,OFF,OFF,1,temperature_flatline,suspect,normal,normal,light_unoccupied; temperature_sensor_suspect
2026-01-05 19:10:00,0,0,26.73,24,OFF,OFF,1,temperature_flatline,suspect,normal,normal,light_unoccupied; temperature_sensor_suspect
2026-01-05 19:15:00,1,1,26.73,46,ON,OFF,1,temperature_flatline,suspect,normal,normal,light_occupied_and_dark; temperature_sensor_suspect
2026-01-05 19:20:00,0,1,26.73,0,OFF,OFF,1,temperature_flatline,suspect,normal,normal,light_unoccupied; temperature_sensor_suspect
2026-01-05 19:25:00,0,0,25.86,0,OFF,OFF,0,none,normal,normal,normal,light_unoccupied; hvac_unoccupied
2026-01-05 19:30:00,1,0,25.75,52,ON,OFF,0,none,normal,normal,normal,light_occupied_and_dark; hvac_occupied_within_comfort_band
2026-01-05 19:35:00,0,1,25.64,37,OFF,OFF,0,none,normal,normal,normal,light_unoccupied; hvac_unoccupied
2026-01-05 19:40:00,0,1,25.48,0,OFF,OFF,0,none,normal,normal,normal,light_unoccupied; hvac_unoccupied
2026-01-05 19:45:00,1,1,25.41,117,ON,OFF,0,none,normal,normal,normal,light_occupied_and_dark; hvac_occupied_within_comfort_band
2026-01-05 19:50:00,0,0,25.41,8,OFF,OFF,0,none,normal,normal,normal,light_unoccupied; hvac_unoccupied
2026-01-05 19:55:00,0,0,25.37,23,OFF,OFF,0,none,normal,normal,normal,light_unoccupied; hvac_unoccupied
2026-01-05 20:00:00,0,0,25.28,23,OFF,OFF,0,none,normal,normal,normal,light_unoccupied; hvac_unoccupied
2026-01-05 20:05:00,0,0,25.12,0,OFF,OFF,0,none,normal,normal,normal,light_unoccupied; hvac_unoccupied
2026-01-05 20:10:00,0,0,25.07,0,OFF,OFF,0,none,normal,normal,normal,light_unoccupied; hvac_unoccupied
2026-01-05 20:15:00,1,0,24.85,84,ON,OFF,0,none,normal,normal,normal,light_occupied_and_dark; hvac_occupied_within_comfort_band
2026-01-05 20:20:00,1,0,24.77,45,ON,OFF,0,none,normal,normal,normal,light_occupied_and_dark; hvac_occupied_within_comfort_band
2026-01-05 20:25:00,0,0,24.56,38,OFF,OFF,0,none,normal,normal,normal,light_unoccupied; hvac_unoccupied
2026-01-05 20:30:00,0,0,24.57,30,OFF,OFF,0,none,normal,normal,normal,light_unoccupied; hvac_unoccupied
2026-01-05 20:35:00,0,0,24.34,0,OFF,OFF,0,none,normal,normal,normal,light_unoccupied; hvac_unoccupied
2026-01-05 20:40:00,1,0,24.17,54,ON,OFF,0,none,normal,normal,normal,light_occupied_and_dark; hvac_occupied_within_comfort_band
2026-01-05 20:45:00,0,0,23.97,0,OFF,OFF,0,none,normal,normal,normal,light_unoccupied; hvac_unoccupied
2026-01-05 20:50:00,1,1,23.92,44,ON,OFF,0,none,normal,normal,normal,light_occupied_and_dark; hvac_occupied_within_comfort_band
2026-01-05 20:55:00,0,1,23.92,0,OFF,OFF,0,none,normal,normal,normal,light_unoccupied; hvac_unoccupied
2026-01-05 21:00:00,0,1,23.94,0,OFF,OFF,0,none,normal,normal,normal,light_unoccupied; hvac_unoccupied
2026-01-05 21:05:00,1,1,23.91,46,ON,OFF,0,none,normal,normal,normal,light_occupied_and_dark; hvac_occupied_within_comfort_band
2026-01-05 21:10:00,0,0,23.89,0,OFF,OFF,0,none,normal,normal,normal,light_unoccupied; hvac_unoccupied
2026-01-05 21:15:00,0,0,23.78,0,OFF,OFF,0,none,normal,normal,normal,light_unoccupied; hvac_unoccupied
2026-01-05 21:20:00,0,0,23.75,28,OFF,OFF,0,none,normal,normal,normal,light_unoccupied; hvac_unoccupied
2026-01-05 21:25:00,1,0,23.63,84,ON,OFF,0,none,normal,normal,normal,light_occupied_and_dark; hvac_occupied_within_comfort_band
2026-01-05 21:30:00,1,0,23.65,58,ON,OFF,0,none,normal,normal,normal,light_occupied_and_dark; hvac_occupied_within_comfort_band
2026-01-05 21:35:00,0,0,23.5,0,OFF,OFF,0,none,normal,normal,normal,light_unoccupied; hvac_unoccupied
2026-01-05 21:40:00,0,0,23.45,10,OFF,OFF,0,none,normal,normal,normal,light_unoccupied; hvac_unoccupied
2026-01-05 21:45:00,0,0,23.33,41,OFF,OFF,0,none,normal,normal,normal,light_unoccupied; hvac_unoccupied
2026-01-05 21:50:00,1,1,23.26,74,ON,OFF,0,none,normal,normal,normal,light_occupied_and_dark; hvac_occupied_within_comfort_band
2026-01-05 21:55:00,0,1,23.16,22,OFF,OFF,0,none,normal,normal,normal,light_unoccupied; hvac_unoccupied
2026-01-05 22:00:00,0,1,23.03,36,OFF,OFF,0,none,normal,normal,normal,light_unoccupied; hvac_unoccupied
2026-01-05 22:05:00,1,1,22.99,45,ON,OFF,0,none,normal,normal,normal,light_occupied_and_dark; hvac_occupied_within_comfort_band
2026-01-05 22:10:00,1,1,22.93,54,ON,OFF,0,none,normal,normal,normal,light_occupied_and_dark; hvac_occupied_within_comfort_band
2026-01-05 22:15:00,0,1,22.93,30,OFF,OFF,0,none,normal,normal,normal,light_unoccupied; hvac_unoccupied
2026-01-05 22:20:00,0,1,22.93,30,OFF,OFF,0,none,normal,normal,normal,light_unoccupied; hvac_unoccupied
2026-01-05 22:25:00,1,1,23.04,83,ON,OFF,0,none,normal,normal,normal,light_occupied_and_dark; hvac_occupied_within_comfort_band
2026-01-05 22:30:00,1,1,23.09,77,ON,OFF,0,none,normal,normal,normal,light_occupied_and_dark; hvac_occupied_within_comfort_band
2026-01-05 22:35:00,0,0,23.18,26,OFF,OFF,0,none,normal,normal,normal,light_unoccupied; hvac_unoccupied
2026-01-05 22:40:00,1,0,23.09,70,ON,OFF,0,none,normal,normal,normal,light_occupied_and_dark; hvac_occupied_within_comfort_band
2026-01-05 22:45:00,0,1,23.05,21,OFF,OFF,0,none,normal,normal,normal,light_unoccupied; hvac_unoccupied
2026-01-05 22:50:00,1,1,22.91,91,ON,OFF,0,none,normal,normal,normal,light_occupied_and_dark; hvac_occupied_within_comfort_band
2026-01-05 22:55:00,1,1,22.82,53,ON,OFF,0,none,normal,normal,normal,light_occupied_and_dark; hvac_occupied_within_comfort_band
2026-01-05 23:00:00,1,1,22.7,149,ON,OFF,0,none,normal,normal,normal,light_occupied_and_dark; hvac_occupied_within_comfort_band
2026-01-05 23:05:00,0,1,22.61,0,OFF,OFF,0,none,normal,normal,normal,light_unoccupied; hvac_unoccupied
2026-01-05 23:10:00,0,1,22.65,10,OFF,OFF,0,none,normal,normal,normal,light_unoccupied; hvac_unoccupied
2026-01-05 23:15:00,1,1,22.63,49,ON,OFF,0,none,normal,normal,normal,light_occupied_and_dark; hvac_occupied_within_comfort_band
2026-01-05 23:20:00,1,1,22.56,48,ON,OFF,0,none,normal,normal,normal,light_occupied_and_dark; hvac_occupied_within_comfort_band
2026-01-05 23:25:00,1,1,22.49,103,ON,OFF,0,none,normal,normal,normal,light_occupied_and_dark; hvac_occupied_within_comfort_band
2026-01-05 23:30:00,0,1,22.5,11,OFF,OFF,0,none,normal,normal,normal,light_unoccupied; hvac_unoccupied
2026-01-05 23:35:00,0,0,22.52,41,OFF,OFF,0,none,normal,normal,normal,light_unoccupied; hvac_unoccupied
2026-01-05 23:40:00,0,0,22.34,50,OFF,OFF,0,none,normal,normal,normal,light_unoccupied; hvac_unoccupied
2026-01-05 23:45:00,0,0,22.13,34,OFF,OFF,0,none,normal,normal,normal,light_unoccupied; hvac_unoccupied
2026-01-05 23:50:00,0,0,22.01,0,OFF,OFF,0,none,normal,normal,normal,light_unoccupied; hvac_unoccupied
2026-01-05 23:55:00,0,0,21.88,59,OFF,OFF,0,none,normal,normal,normal,light_unoccupied; hvac_unoccupied
2026-01-06 00:00:00,0,0,21.7,53,OFF,OFF,0,none,normal,normal,normal,light_unoccupied; hvac_unoccupied
2026-01-06 00:05:00,0,0,21.46,30,OFF,OFF,0,none,normal,normal,normal,light_unoccupied; hvac_unoccupied
2026-01-06 00:10:00,0,0,21.31,17,OFF,OFF,0,none,normal,normal,normal,light_unoccupied; hvac_unoccupied
2026-01-06 00:15:00,0,0,21.11,17,OFF,OFF,0,none,normal,normal,normal,light_unoccupied; hvac_unoccupied
2026-01-06 00:20:00,0,0,20.9,7,OFF,OFF,0,none,normal,normal,normal,light_unoccupied; hvac_unoccupied
2026-01-06 00:25:00,0,0,20.72,32,OFF,OFF,0,none,normal,normal,normal,light_unoccupied; hvac_unoccupied
2026-01-06 00:30:00,0,0,20.51,11,OFF,OFF,0,none,normal,normal,normal,light_unoccupied; hvac_unoccupied
2026-01-06 00:35:00,0,0,20.36,0,OFF,OFF,0,none,normal,normal,normal,light_unoccupied; hvac_unoccupied
2026-01-06 00:40:00,0,0,20.16,0,OFF,OFF,0,none,normal,normal,normal,light_unoccupied; hvac_unoccupied
2026-01-06 00:45:00,0,0,20.12,0,OFF,OFF,0,none,normal,normal,normal,light_unoccupied; hvac_unoccupied
2026-01-06 00:50:00,0,0,20.04,17,OFF,OFF,0,none,normal,normal,normal,light_unoccupied; hvac_unoccupied
2026-01-06 00:55:00,0,0,20.07,9,OFF,OFF,0,none,normal,normal,normal,light_unoccupied; hvac_unoccupied
2026-01-06 01:00:00,0,0,20.06,17,OFF,OFF,0,none,normal,normal,normal,light_unoccupied; hvac_unoccupied
2026-01-06 01:05:00,0,0,20.01,27,OFF,OFF,0,none,normal,normal,normal,light_unoccupied; hvac_unoccupied
2026-01-06 01:10:00,0,0,19.95,0,OFF,OFF,0,none,normal,normal,normal,light_unoccupied; hvac_unoccupied
2026-01-06 01:15:00,0,0,19.87,61,OFF,OFF,0,none,normal,normal,normal,light_unoccupied; hvac_unoccupied
2026-01-06 01:20:00,0,0,19.88,0,OFF,OFF,0,none,normal,normal,normal,light_unoccupied; hvac_unoccupied
2026-01-06 01:25:00,0,0,19.9,0,OFF,OFF,0,none,normal,normal,normal,light_unoccupied; hvac_unoccupied
2026-01-06 01:30:00,0,0,19.91,26,OFF,OFF,0,none,normal,normal,normal,light_unoccupied; hvac_unoccupied
2026-01-06 01:35:00,0,0,19.85,0,OFF,OFF,0,none,normal,normal,normal,light_unoccupied; hvac_unoccupied
2026-01-06 01:40:00,0,0,19.78,0,OFF,OFF,0,none,normal,normal,normal,light_unoccupied; hvac_unoccupied
2026-01-06 01:45:00,0,0,19.65,44,OFF,OFF,0,none,normal,normal,normal,light_unoccupied; hvac_unoccupied
2026-01-06 01:50:00,0,0,19.66,0,OFF,OFF,0,none,normal,normal,normal,light_unoccupied; hvac_unoccupied
2026-01-06 01:55:00,0,0,19.77,49,OFF,OFF,0,none,normal,normal,normal,light_unoccupied; hvac_unoccupied
2026-01-06 02:00:00,0,0,19.84,62,OFF,OFF,0,none,normal,normal,normal,light_unoccupied; hvac_unoccupied
2026-01-06 02:05:00,0,0,19.78,0,OFF,OFF,0,none,normal,normal,normal,light_unoccupied; hvac_unoccupied
2026-01-06 02:10:00,0,0,19.64,20,OFF,OFF,0,none,normal,normal,normal,light_unoccupied; hvac_unoccupied
2026-01-06 02:15:00,0,0,19.71,49,OFF,OFF,0,none,normal,normal,normal,light_unoccupied; hvac_unoccupied
2026-01-06 02:20:00,0,0,19.75,0,OFF,OFF,0,none,normal,normal,normal,light_unoccupied; hvac_unoccupied
2026-01-06 02:25:00,0,0,19.58,40,OFF,OFF,0,none,normal,normal,normal,light_unoccupied; hvac_unoccupied
2026-01-06 02:30:00,0,0,19.52,0,OFF,OFF,0,none,normal,normal,normal,light_unoccupied; hvac_unoccupied
2026-01-06 02:35:00,0,0,19.58,0,OFF,OFF,0,none,normal,normal,normal,light_unoccupied; hvac_unoccupied
2026-01-06 02:40:00,0,0,19.71,0,OFF,OFF,0,none,normal,normal,normal,light_unoccupied; hvac_unoccupied
2026-01-06 02:45:00,0,0,19.62,21,OFF,OFF,0,none,normal,normal,normal,light_unoccupied; hvac_unoccupied
2026-01-06 02:50:00,0,0,19.5,50,OFF,OFF,0,none,normal,normal,normal,light_unoccupied; hvac_unoccupied
2026-01-06 02:55:00,0,0,19.4,3,OFF,OFF,0,none,normal,normal,normal,light_unoccupied; hvac_unoccupied
2026-01-06 03:00:00,0,0,19.51,0,OFF,OFF,0,none,normal,normal,normal,light_unoccupied; hvac_unoccupied
2026-01-06 03:05:00,0,0,19.45,0,OFF,OFF,0,none,normal,normal,normal,light_unoccupied; hvac_unoccupied
2026-01-06 03:10:00,0,0,19.52,23,OFF,OFF,0,none,normal,normal,normal,light_unoccupied; hvac_unoccupied
2026-01-06 03:15:00,0,0,19.42,74,OFF,OFF,0,none,normal,normal,normal,light_unoccupied; hvac_unoccupied
2026-01-06 03:20:00,0,0,19.44,23,OFF,OFF,0,none,normal,normal,normal,light_unoccupied; hvac_unoccupied
2026-01-06 03:25:00,0,0,19.52,0,OFF,OFF,0,none,normal,normal,normal,light_unoccupied; hvac_unoccupied
2026-01-06 03:30:00,0,0,19.58,36,OFF,OFF,0,none,normal,normal,normal,light_unoccupied; hvac_unoccupied
2026-01-06 03:35:00,0,0,19.59,1,OFF,OFF,0,none,normal,normal,normal,light_unoccupied; hvac_unoccupied
2026-01-06 03:40:00,0,0,19.47,0,OFF,OFF,0,none,normal,normal,normal,light_unoccupied; hvac_unoccupied
2026-01-06 03:45:00,0,0,19.38,0,OFF,OFF,0,none,normal,normal,normal,light_unoccupied; hvac_unoccupied
2026-01-06 03:50:00,0,0,19.36,59,OFF,OFF,0,none,normal,normal,normal,light_unoccupied; hvac_unoccupied
2026-01-06 03:55:00,0,0,19.44,0,OFF,OFF,0,none,normal,normal,normal,light_unoccupied; hvac_unoccupied
2026-01-06 04:00:00,0,0,19.61,37,OFF,OFF,0,none,normal,normal,normal,light_unoccupied; hvac_unoccupied
2026-01-06 04:05:00,0,0,19.66,0,OFF,OFF,0,none,normal,normal,normal,light_unoccupied; hvac_unoccupied
2026-01-06 04:10:00,0,0,19.76,0,OFF,OFF,0,none,normal,normal,normal,light_unoccupied; hvac_unoccupied
2026-01-06 04:15:00,0,0,19.7,69,OFF,OFF,0,none,normal,normal,normal,light_unoccupied; hvac_unoccupied
2026-01-06 04:20:00,0,0,19.74,0,OFF,OFF,0,none,normal,normal,normal,light_unoccupied; hvac_unoccupied
2026-01-06 04:25:00,0,0,19.64,0,OFF,OFF,0,none,normal,normal,normal,light_unoccupied; hvac_unoccupied
2026-01-06 04:30:00,0,0,19.76,5,OFF,OFF,0,none,normal,normal,normal,light_unoccupied; hvac_unoccupied
2026-01-06 04:35:00,0,0,19.91,24,OFF,OFF,0,none,normal,normal,normal,light_unoccupied; hvac_unoccupied
2026-01-06 04:40:00,0,0,19.91,0,OFF,OFF,0,none,normal,normal,normal,light_unoccupied; hvac_unoccupied
2026-01-06 04:45:00,0,0,19.87,0,OFF,OFF,0,none,normal,normal,normal,light_unoccupied; hvac_unoccupied
2026-01-06 04:50:00,0,0,19.87,0,OFF,OFF,0,none,normal,normal,normal,light_unoccupied; hvac_unoccupied
2026-01-06 04:55:00,0,0,19.93,54,OFF,OFF,0,none,normal,normal,normal,light_unoccupied; hvac_unoccupied
2026-01-06 05:00:00,0,0,20.01,12,OFF,OFF,0,none,normal,normal,normal,light_unoccupied; hvac_unoccupied
2026-01-06 05:05:00,0,0,20.05,25,OFF,OFF,0,none,normal,normal,normal,light_unoccupied; hvac_unoccupied
2026-01-06 05:10:00,0,0,20.17,0,OFF,OFF,0,none,normal,normal,normal,light_unoccupied; hvac_unoccupied
2026-01-06 05:15:00,0,0,20.22,0,OFF,OFF,0,none,normal,normal,normal,light_unoccupied; hvac_unoccupied
2026-01-06 05:20:00,0,0,20.29,68,OFF,OFF,0,none,normal,normal,normal,light_unoccupied; hvac_unoccupied
2026-01-06 05:25:00,0,0,20.44,3,OFF,OFF,0,none,normal,normal,normal,light_unoccupied; hvac_unoccupied
2026-01-06 05:30:00,0,0,20.46,0,OFF,OFF,0,none,normal,normal,normal,light_unoccupied; hvac_unoccupied
2026-01-06 05:35:00,0,0,20.39,48,OFF,OFF,0,none,normal,normal,normal,light_unoccupied; hvac_unoccupied
2026-01-06 05:40:00,0,0,20.31,0,OFF,OFF,0,none,normal,normal,normal,light_unoccupied; hvac_unoccupied
2026-01-06 05:45:00,0,0,20.41,0,OFF,OFF,0,none,normal,normal,normal,light_unoccupied; hvac_unoccupied
2026-01-06 05:50:00,0,0,20.43,10,OFF,OFF,0,none,normal,normal,normal,light_unoccupied; hvac_unoccupied
2026-01-06 05:55:00,0,0,20.52,10,OFF,OFF,0,none,normal,normal,normal,light_unoccupied; hvac_unoccupied
2026-01-06 06:00:00,0,0,20.53,19,OFF,OFF,0,none,normal,normal,normal,light_unoccupied; hvac_unoccupied
2026-01-06 06:05:00,0,0,20.64,98,OFF,OFF,0,none,normal,normal,normal,light_unoccupied; hvac_unoccupied
2026-01-06 06:10:00,0,0,20.73,51,OFF,OFF,0,none,normal,normal,normal,light_unoccupied; hvac_unoccupied
2026-01-06 06:15:00,0,0,20.92,0,OFF,OFF,0,none,normal,normal,normal,light_unoccupied; hvac_unoccupied
2026-01-06 06:20:00,0,0,21.0,80,OFF,OFF,0,none,normal,normal,normal,light_unoccupied; hvac_unoccupied
2026-01-06 06:25:00,0,0,21.03,85,OFF,OFF,0,none,normal,normal,normal,light_unoccupied; hvac_unoccupied
2026-01-06 06:30:00,0,0,21.02,100,OFF,OFF,0,none,normal,normal,normal,light_unoccupied; hvac_unoccupied
2026-01-06 06:35:00,0,0,21.11,122,OFF,OFF,0,none,normal,normal,normal,light_unoccupied; hvac_unoccupied
2026-01-06 06:40:00,0,0,21.27,127,OFF,OFF,0,none,normal,normal,normal,light_unoccupied; hvac_unoccupied
2026-01-06 06:45:00,0,0,21.3,140,OFF,OFF,0,none,normal,normal,normal,light_unoccupied; hvac_unoccupied
2026-01-06 06:50:00,1,0,33.85,178,ON,COOLING,1,rolling_zscore,normal,normal,normal,light_occupied_and_dark; hvac_occupied_and_hot
2026-01-06 06:55:00,0,0,21.26,152,OFF,OFF,0,none,normal,normal,normal,light_unoccupied; hvac_unoccupied
2026-01-06 07:00:00,0,0,21.24,152,OFF,OFF,0,none,normal,normal,normal,light_unoccupied; hvac_unoccupied
2026-01-06 07:05:00,0,0,21.24,306,OFF,OFF,0,none,normal,normal,normal,light_unoccupied; hvac_unoccupied
2026-01-06 07:10:00,0,0,21.42,189,OFF,OFF,0,none,normal,normal,normal,light_unoccupied; hvac_unoccupied
2026-01-06 07:15:00,0,0,21.51,232,OFF,OFF,0,none,normal,normal,normal,light_unoccupied; hvac_unoccupied
2026-01-06 07:20:00,0,0,21.74,190,OFF,OFF,0,none,normal,normal,normal,light_unoccupied; hvac_unoccupied
2026-01-06 07:25:00,0,0,21.81,260,OFF,OFF,0,none,normal,normal,normal,light_unoccupied; hvac_unoccupied
2026-01-06 07:30:00,0,0,21.94,237,OFF,OFF,0,none,normal,normal,normal,light_unoccupied; hvac_unoccupied
2026-01-06 07:35:00,0,0,21.92,268,OFF,OFF,0,none,normal,normal,normal,light_unoccupied; hvac_unoccupied
2026-01-06 07:40:00,0,0,22.03,333,OFF,OFF,0,none,normal,normal,normal,light_unoccupied; hvac_unoccupied
2026-01-06 07:45:00,0,1,22.12,352,OFF,OFF,0,none,normal,normal,normal,light_unoccupied; hvac_unoccupied
2026-01-06 07:50:00,0,0,22.24,343,OFF,OFF,0,none,normal,normal,normal,light_unoccupied; hvac_unoccupied
2026-01-06 07:55:00,0,0,22.39,275,OFF,OFF,0,none,normal,normal,normal,light_unoccupied; hvac_unoccupied
2026-01-06 08:00:00,1,1,22.58,439,OFF,OFF,0,none,normal,normal,normal,light_occupied_but_bright; hvac_occupied_within_comfort_band
2026-01-06 08:05:00,1,1,22.78,346,OFF,OFF,0,none,normal,normal,normal,light_occupied_but_bright; hvac_occupied_within_comfort_band
2026-01-06 08:10:00,1,1,22.96,453,OFF,OFF,0,none,normal,normal,normal,light_occupied_but_bright; hvac_occupied_within_comfort_band
2026-01-06 08:15:00,1,1,23.16,448,OFF,OFF,0,none,normal,normal,normal,light_occupied_but_bright; hvac_occupied_within_comfort_band
2026-01-06 08:20:00,1,1,23.4,445,OFF,OFF,0,none,normal,normal,normal,light_occupied_but_bright; hvac_occupied_within_comfort_band
2026-01-06 08:25:00,1,1,34.38,407,OFF,COOLING,1,rolling_zscore,normal,normal,normal,light_occupied_but_bright; hvac_occupied_and_hot
2026-01-06 08:30:00,1,1,23.85,454,OFF,OFF,0,none,normal,normal,normal,light_occupied_but_bright; hvac_occupied_within_comfort_band
2026-01-06 08:35:00,1,1,24.01,444,OFF,OFF,0,none,normal,normal,normal,light_occupied_but_bright; hvac_occupied_within_comfort_band
2026-01-06 08:40:00,1,1,24.34,473,OFF,OFF,0,none,normal,normal,normal,light_occupied_but_bright; hvac_occupied_within_comfort_band
2026-01-06 08:45:00,1,1,24.4,474,OFF,OFF,0,none,normal,normal,normal,light_occupied_but_bright; hvac_occupied_within_comfort_band
2026-01-06 08:50:00,1,0,24.6,398,OFF,OFF,0,none,normal,normal,normal,light_occupied_but_bright; hvac_occupied_within_comfort_band
2026-01-06 08:55:00,1,0,24.64,519,OFF,OFF,0,none,normal,normal,normal,light_occupied_but_bright; hvac_occupied_within_comfort_band
2026-01-06 09:00:00,1,1,24.8,512,OFF,OFF,0,none,normal,normal,normal,light_occupied_but_bright; hvac_occupied_within_comfort_band
2026-01-06 09:05:00,1,0,24.76,484,OFF,OFF,0,none,normal,normal,normal,light_occupied_but_bright; hvac_occupied_within_comfort_band
2026-01-06 09:10:00,1,0,24.78,491,OFF,OFF,0,none,normal,normal,normal,light_occupied_but_bright; hvac_occupied_within_comfort_band
2026-01-06 09:15:00,1,1,24.82,558,OFF,OFF,0,none,normal,normal,normal,light_occupied_but_bright; hvac_occupied_within_comfort_band
2026-01-06 09:20:00,1,1,24.89,524,OFF,OFF,0,none,normal,normal,normal,light_occupied_but_bright; hvac_occupied_within_comfort_band
2026-01-06 09:25:00,1,1,24.93,486,OFF,OFF,0,none,normal,normal,normal,light_occupied_but_bright; hvac_occupied_within_comfort_band
2026-01-06 09:30:00,1,0,24.86,563,OFF,OFF,0,none,normal,normal,normal,light_occupied_but_bright; hvac_occupied_within_comfort_band
2026-01-06 09:35:00,1,1,24.9,601,OFF,OFF,0,none,normal,normal,normal,light_occupied_but_bright; hvac_occupied_within_comfort_band
2026-01-06 09:40:00,1,1,25.03,585,OFF,OFF,0,none,normal,normal,normal,light_occupied_but_bright; hvac_occupied_within_comfort_band
2026-01-06 09:45:00,1,1,25.09,560,OFF,OFF,0,none,normal,normal,normal,light_occupied_but_bright; hvac_occupied_within_comfort_band
2026-01-06 09:50:00,1,1,25.19,611,OFF,OFF,0,none,normal,normal,normal,light_occupied_but_bright; hvac_occupied_within_comfort_band
2026-01-06 09:55:00,1,1,25.35,565,OFF,OFF,0,none,normal,normal,normal,light_occupied_but_bright; hvac_occupied_within_comfort_band
2026-01-06 10:00:00,1,1,25.6,587,OFF,OFF,0,none,normal,normal,normal,light_occupied_but_bright; hvac_occupied_within_comfort_band
2026-01-06 10:05:00,1,1,25.92,604,OFF,OFF,0,none,normal,normal,normal,light_occupied_but_bright; hvac_occupied_within_comfort_band
2026-01-06 10:10:00,1,1,25.98,667,OFF,OFF,0,none,normal,normal,normal,light_occupied_but_bright; hvac_occupied_within_comfort_band
2026-01-06 10:15:00,1,1,26.13,632,OFF,COOLING,0,none,normal,normal,normal,light_occupied_but_bright; hvac_occupied_and_hot
2026-01-06 10:20:00,1,1,26.11,635,OFF,COOLING,0,none,normal,normal,normal,light_occupied_but_bright; hvac_occupied_and_hot
2026-01-06 10:25:00,1,1,26.22,725,OFF,COOLING,0,none,normal,normal,normal,light_occupied_but_bright; hvac_occupied_and_hot
2026-01-06 10:30:00,1,1,26.25,675,OFF,COOLING,0,none,normal,normal,normal,light_occupied_but_bright; hvac_occupied_and_hot
2026-01-06 10:35:00,1,1,26.44,680,OFF,COOLING,0,none,normal,normal,normal,light_occupied_but_bright; hvac_occupied_and_hot
2026-01-06 10:40:00,1,1,26.57,661,OFF,COOLING,0,none,normal,normal,normal,light_occupied_but_bright; hvac_occupied_and_hot
2026-01-06 10:45:00,1,1,26.74,658,OFF,COOLING,0,none,normal,normal,normal,light_occupied_but_bright; hvac_occupied_and_hot
2026-01-06 10:50:00,1,1,26.76,607,OFF,COOLING,0,none,normal,normal,normal,light_occupied_but_bright; hvac_occupied_and_hot
2026-01-06 10:55:00,1,1,26.78,721,OFF,COOLING,0,none,normal,normal,normal,light_occupied_but_bright; hvac_occupied_and_hot
2026-01-06 11:00:00,1,1,26.9,707,OFF,COOLING,0,none,normal,normal,normal,light_occupied_but_bright; hvac_occupied_and_hot
2026-01-06 11:05:00,1,1,26.93,689,OFF,COOLING,0,none,normal,normal,normal,light_occupied_but_bright; hvac_occupied_and_hot
2026-01-06 11:10:00,1,1,27.08,694,OFF,COOLING,0,none,normal,normal,normal,light_occupied_but_bright; hvac_occupied_and_hot
2026-01-06 11:15:00,1,1,27.22,727,OFF,COOLING,0,none,normal,normal,normal,light_occupied_but_bright; hvac_occupied_and_hot
2026-01-06 11:20:00,1,1,27.43,650,OFF,COOLING,0,none,normal,normal,normal,light_occupied_but_bright; hvac_occupied_and_hot
2026-01-06 11:25:00,1,1,27.4,686,OFF,COOLING,0,none,normal,normal,normal,light_occupied_but_bright; hvac_occupied_and_hot
2026-01-06 11:30:00,1,1,27.34,669,OFF,COOLING,0,none,normal,normal,normal,light_occupied_but_bright; hvac_occupied_and_hot
2026-01-06 11:35:00,1,1,27.35,772,OFF,COOLING,0,none,normal,normal,normal,light_occupied_but_bright; hvac_occupied_and_hot
2026-01-06 11:40:00,1,1,27.49,743,OFF,COOLING,0,none,normal,normal,normal,light_occupied_but_bright; hvac_occupied_and_hot
2026-01-06 11:45:00,1,1,27.52,636,OFF,COOLING,0,none,normal,normal,normal,light_occupied_but_bright; hvac_occupied_and_hot
2026-01-06 11:50:00,1,1,27.58,661,OFF,COOLING,0,none,normal,normal,normal,light_occupied_but_bright; hvac_occupied_and_hot
2026-01-06 11:55:00,1,1,27.65,710,OFF,COOLING,0,none,normal,normal,normal,light_occupied_but_bright; hvac_occupied_and_hot
2026-01-06 12:00:00,1,1,27.88,698,OFF,COOLING,0,none,normal,normal,normal,light_occupied_but_bright; hvac_occupied_and_hot
2026-01-06 12:05:00,1,1,27.91,668,OFF,COOLING,0,none,normal,normal,normal,light_occupied_but_bright; hvac_occupied_and_hot
2026-01-06 12:10:00,1,1,28.03,782,OFF,COOLING,1,rolling_zscore,normal,normal,normal,light_occupied_but_bright; hvac_occupied_and_hot
2026-01-06 12:15:00,1,1,27.93,724,OFF,COOLING,0,none,normal,normal,normal,light_occupied_but_bright; hvac_occupied_and_hot
2026-01-06 12:20:00,1,1,27.95,729,OFF,COOLING,0,none,normal,normal,normal,light_occupied_but_bright; hvac_occupied_and_hot
2026-01-06 12:25:00,1,1,27.99,686,OFF,COOLING,0,none,normal,normal,normal,light_occupied_but_bright; hvac_occupied_and_hot
2026-01-06 12:30:00,1,1,28.16,734,OFF,COOLING,0,none,normal,normal,normal,light_occupied_but_bright; hvac_occupied_and_hot
2026-01-06 12:35:00,1,0,28.17,668,OFF,COOLING,0,none,normal,normal,normal,light_occupied_but_bright; hvac_occupied_and_hot
2026-01-06 12:40:00,1,1,28.15,694,OFF,COOLING,0,none,normal,normal,normal,light_occupied_but_bright; hvac_occupied_and_hot
2026-01-06 12:45:00,1,1,28.04,723,OFF,COOLING,0,none,normal,normal,normal,light_occupied_but_bright; hvac_occupied_and_hot
2026-01-06 12:50:00,1,1,28.12,641,OFF,COOLING,0,none,normal,normal,normal,light_occupied_but_bright; hvac_occupied_and_hot
2026-01-06 12:55:00,1,1,28.21,751,OFF,COOLING,0,none,normal,normal,normal,light_occupied_but_bright; hvac_occupied_and_hot
2026-01-06 13:00:00,1,1,28.31,698,OFF,COOLING,0,none,normal,normal,normal,light_occupied_but_bright; hvac_occupied_and_hot
2026-01-06 13:05:00,1,1,28.35,732,OFF,COOLING,0,none,normal,normal,normal,light_occupied_but_bright; hvac_occupied_and_hot
2026-01-06 13:10:00,1,1,28.29,645,OFF,COOLING,0,none,normal,normal,normal,light_occupied_but_bright; hvac_occupied_and_hot
2026-01-06 13:15:00,1,1,28.32,646,OFF,COOLING,0,none,normal,normal,normal,light_occupied_but_bright; hvac_occupied_and_hot
2026-01-06 13:20:00,1,1,28.46,633,OFF,COOLING,0,none,normal,normal,normal,light_occupied_but_bright; hvac_occupied_and_hot
2026-01-06 13:25:00,1,0,28.52,13,ON,COOLING,0,none,normal,normal,normal,light_occupied_and_dark; hvac_occupied_and_hot
2026-01-06 13:30:00,1,1,28.49,665,OFF,COOLING,0,none,normal,normal,normal,light_occupied_but_bright; hvac_occupied_and_hot
2026-01-06 13:35:00,1,1,28.42,641,OFF,COOLING,0,none,normal,normal,normal,light_occupied_but_bright; hvac_occupied_and_hot
2026-01-06 13:40:00,1,1,28.42,615,OFF,COOLING,0,none,normal,normal,normal,light_occupied_but_bright; hvac_occupied_and_hot
2026-01-06 13:45:00,1,1,28.49,600,OFF,COOLING,0,none,normal,normal,normal,light_occupied_but_bright; hvac_occupied_and_hot
2026-01-06 13:50:00,1,1,28.6,636,OFF,COOLING,0,none,normal,normal,normal,light_occupied_but_bright; hvac_occupied_and_hot
2026-01-06 13:55:00,1,0,28.66,589,OFF,COOLING,0,none,normal,normal,normal,light_occupied_but_bright; hvac_occupied_and_hot
2026-01-06 14:00:00,1,1,28.79,599,OFF,COOLING,0,none,normal,normal,normal,light_occupied_but_bright; hvac_occupied_and_hot
2026-01-06 14:05:00,1,1,28.7,670,OFF,COOLING,0,none,normal,normal,normal,light_occupied_but_bright; hvac_occupied_and_hot
2026-01-06 14:10:00,1,1,28.72,605,OFF,COOLING,0,none,normal,normal,normal,light_occupied_but_bright; hvac_occupied_and_hot
2026-01-06 14:15:00,1,1,28.68,644,OFF,COOLING,0,none,normal,normal,normal,light_occupied_but_bright; hvac_occupied_and_hot
2026-01-06 14:20:00,1,0,28.53,548,OFF,COOLING,0,none,normal,normal,normal,light_occupied_but_bright; hvac_occupied_and_hot
2026-01-06 14:25:00,1,1,28.56,591,OFF,COOLING,0,none,normal,normal,normal,light_occupied_but_bright; hvac_occupied_and_hot
2026-01-06 14:30:00,1,1,28.54,572,OFF,COOLING,0,none,normal,normal,normal,light_occupied_but_bright; hvac_occupied_and_hot
2026-01-06 14:35:00,1,1,28.8,505,OFF,COOLING,0,none,normal,normal,normal,light_occupied_but_bright; hvac_occupied_and_hot
2026-01-06 14:40:00,1,1,28.85,605,OFF,COOLING,0,none,normal,normal,normal,light_occupied_but_bright; hvac_occupied_and_hot
2026-01-06 14:45:00,1,1,28.8,541,OFF,COOLING,0,none,normal,normal,normal,light_occupied_but_bright; hvac_occupied_and_hot
2026-01-06 14:50:00,1,1,28.79,562,OFF,COOLING,0,none,normal,normal,normal,light_occupied_but_bright; hvac_occupied_and_hot
2026-01-06 14:55:00,1,1,28.78,499,OFF,COOLING,0,none,normal,normal,normal,light_occupied_but_bright; hvac_occupied_and_hot
2026-01-06 15:00:00,1,1,28.84,510,OFF,COOLING,0,none,normal,normal,normal,light_occupied_but_bright; hvac_occupied_and_hot
2026-01-06 15:05:00,1,1,39.64,474,OFF,COOLING,1,rolling_zscore,normal,normal,normal,light_occupied_but_bright; hvac_occupied_and_hot
2026-01-06 15:10:00,1,1,28.83,537,OFF,COOLING,0,none,normal,normal,normal,light_occupied_but_bright; hvac_occupied_and_hot
2026-01-06 15:15:00,1,1,28.95,494,OFF,COOLING,0,none,normal,normal,normal,light_occupied_but_bright; hvac_occupied_and_hot
2026-01-06 15:20:00,1,1,28.99,484,OFF,COOLING,0,none,normal,normal,normal,light_occupied_but_bright; hvac_occupied_and_hot
2026-01-06 15:25:00,1,1,29.05,508,OFF,COOLING,0,none,normal,normal,normal,light_occupied_but_bright; hvac_occupied_and_hot
2026-01-06 15:30:00,1,1,29.05,489,OFF,COOLING,0,none,normal,normal,normal,light_occupied_but_bright; hvac_occupied_and_hot
2026-01-06 15:35:00,1,1,29.08,463,OFF,COOLING,0,none,normal,normal,normal,light_occupied_but_bright; hvac_occupied_and_hot
2026-01-06 15:40:00,1,1,29.09,375,OFF,COOLING,0,none,normal,normal,normal,light_occupied_but_bright; hvac_occupied_and_hot
2026-01-06 15:45:00,1,1,29.1,388,OFF,COOLING,0,none,normal,normal,normal,light_occupied_but_bright; hvac_occupied_and_hot
2026-01-06 15:50:00,1,1,29.06,365,OFF,COOLING,0,none,normal,normal,normal,light_occupied_but_bright; hvac_occupied_and_hot
2026-01-06 15:55:00,1,1,29.01,413,OFF,COOLING,0,none,normal,normal,normal,light_occupied_but_bright; hvac_occupied_and_hot
2026-01-06 16:00:00,1,1,28.99,380,OFF,COOLING,0,none,normal,normal,normal,light_occupied_but_bright; hvac_occupied_and_hot
2026-01-06 16:05:00,0,1,16.84,313,OFF,OFF,1,rolling_zscore,normal,normal,normal,light_unoccupied; hvac_unoccupied
2026-01-06 16:10:00,1,1,28.9,342,OFF,COOLING,0,none,normal,normal,normal,light_occupied_but_bright; hvac_occupied_and_hot
2026-01-06 16:15:00,1,1,28.9,283,ON,COOLING,0,none,normal,normal,normal,light_occupied_and_dark; hvac_occupied_and_hot
2026-01-06 16:20:00,1,1,28.96,320,OFF,COOLING,0,none,normal,normal,normal,light_occupied_but_bright; hvac_occupied_and_hot
2026-01-06 16:25:00,1,1,28.92,250,ON,COOLING,0,none,normal,normal,normal,light_occupied_and_dark; hvac_occupied_and_hot
2026-01-06 16:30:00,1,1,28.79,313,OFF,COOLING,0,none,normal,normal,normal,light_occupied_but_bright; hvac_occupied_and_hot
2026-01-06 16:35:00,1,1,28.75,294,ON,COOLING,0,none,normal,normal,normal,light_occupied_and_dark; hvac_occupied_and_hot
2026-01-06 16:40:00,1,1,28.75,334,OFF,COOLING,0,none,normal,normal,normal,light_occupied_but_bright; hvac_occupied_and_hot
2026-01-06 16:45:00,1,1,28.75,283,ON,COOLING,0,none,normal,normal,normal,light_occupied_and_dark; hvac_occupied_and_hot
2026-01-06 16:50:00,1,1,28.63,224,ON,COOLING,0,none,normal,normal,normal,light_occupied_and_dark; hvac_occupied_and_hot
2026-01-06 16:55:00,1,1,28.56,253,ON,COOLING,0,none,normal,normal,normal,light_occupied_and_dark; hvac_occupied_and_hot
2026-01-06 17:00:00,1,1,28.51,162,ON,COOLING,0,none,normal,normal,normal,light_occupied_and_dark; hvac_occupied_and_hot
2026-01-06 17:05:00,1,1,28.45,162,ON,COOLING,0,none,normal,normal,normal,light_occupied_and_dark; hvac_occupied_and_hot
2026-01-06 17:10:00,1,1,28.39,193,ON,COOLING,0,none,normal,normal,normal,light_occupied_and_dark; hvac_occupied_and_hot
2026-01-06 17:15:00,1,0,28.32,67,ON,COOLING,0,none,normal,normal,normal,light_occupied_and_dark; hvac_occupied_and_hot
2026-01-06 17:20:00,1,1,28.24,151,ON,COOLING,0,none,normal,normal,normal,light_occupied_and_dark; hvac_occupied_and_hot
2026-01-06 17:25:00,1,1,28.19,102,ON,COOLING,0,none,normal,normal,normal,light_occupied_and_dark; hvac_occupied_and_hot
2026-01-06 17:30:00,1,1,28.19,127,ON,COOLING,0,none,normal,normal,normal,light_occupied_and_dark; hvac_occupied_and_hot
2026-01-06 17:35:00,1,1,28.21,71,ON,COOLING,0,none,normal,normal,normal,light_occupied_and_dark; hvac_occupied_and_hot
2026-01-06 17:40:00,1,1,28.09,109,ON,COOLING,0,none,normal,normal,normal,light_occupied_and_dark; hvac_occupied_and_hot
2026-01-06 17:45:00,1,1,28.01,80,ON,COOLING,0,none,normal,normal,normal,light_occupied_and_dark; hvac_occupied_and_hot
2026-01-06 17:50:00,1,1,27.91,113,ON,COOLING,0,none,normal,normal,normal,light_occupied_and_dark; hvac_occupied_and_hot
2026-01-06 17:55:00,1,1,27.8,50,ON,COOLING,0,none,normal,normal,normal,light_occupied_and_dark; hvac_occupied_and_hot
2026-01-06 18:00:00,1,0,27.7,0,ON,COOLING,0,none,normal,normal,normal,light_occupied_and_dark; hvac_occupied_and_hot
2026-01-06 18:05:00,1,1,27.6,26,ON,COOLING,0,none,normal,normal,normal,light_occupied_and_dark; hvac_occupied_and_hot
2026-01-06 18:10:00,1,1,27.69,0,ON,COOLING,0,none,normal,normal,normal,light_occupied_and_dark; hvac_occupied_and_hot
2026-01-06 18:15:00,1,1,27.7,49,ON,COOLING,0,none,normal,normal,normal,light_occupied_and_dark; hvac_occupied_and_hot
2026-01-06 18:20:00,1,1,27.71,55,ON,COOLING,0,none,normal,normal,normal,light_occupied_and_dark; hvac_occupied_and_hot
2026-01-06 18:25:00,1,1,27.57,121,ON,COOLING,0,none,normal,normal,normal,light_occupied_and_dark; hvac_occupied_and_hot
2026-01-06 18:30:00,1,1,27.43,13,ON,COOLING,0,none,normal,normal,normal,light_occupied_and_dark; hvac_occupied_and_hot
2026-01-06 18:35:00,1,1,27.28,999,OFF,COOLING,1,rolling_zscore,normal,normal,normal,light_occupied_but_bright; hvac_occupied_and_hot
2026-01-06 18:40:00,1,1,27.11,14,ON,COOLING,0,none,normal,normal,normal,light_occupied_and_dark; hvac_occupied_and_hot
2026-01-06 18:45:00,0,0,26.95,17,OFF,OFF,0,none,normal,normal,normal,light_unoccupied; hvac_unoccupied
2026-01-06 18:50:00,1,1,26.88,48,ON,COOLING,0,none,normal,normal,normal,light_occupied_and_dark; hvac_occupied_and_hot
2026-01-06 18:55:00,0,1,26.75,33,OFF,OFF,0,none,normal,normal,normal,light_unoccupied; hvac_unoccupied
2026-01-06 19:00:00,1,1,26.73,73,ON,COOLING,0,none,normal,normal,normal,light_occupied_and_dark; hvac_occupied_and_hot
2026-01-06 19:05:00,0,1,26.69,13,OFF,OFF,0,none,normal,normal,normal,light_unoccupied; hvac_unoccupied
2026-01-06 19:10:00,1,1,26.75,69,ON,COOLING,0,none,normal,normal,normal,light_occupied_and_dark; hvac_occupied_and_hot
2026-01-06 19:15:00,0,0,26.62,28,OFF,OFF,0,none,normal,normal,normal,light_unoccupied; hvac_unoccupied
2026-01-06 19:20:00,0,0,26.46,9,OFF,OFF,0,none,normal,normal,normal,light_unoccupied; hvac_unoccupied
2026-01-06 19:25:00,0,0,26.35,0,OFF,OFF,0,none,normal,normal,normal,light_unoccupied; hvac_unoccupied
2026-01-06 19:30:00,1,1,26.25,119,ON,COOLING,0,none,normal,normal,normal,light_occupied_and_dark; hvac_occupied_and_hot
2026-01-06 19:35:00,0,1,26.12,6,OFF,OFF,0,none,normal,normal,normal,light_unoccupied; hvac_unoccupied
2026-01-06 19:40:00,1,1,25.95,45,ON,OFF,0,none,normal,normal,normal,light_occupied_and_dark; hvac_occupied_within_comfort_band
2026-01-06 19:45:00,0,1,25.88,8,OFF,OFF,0,none,normal,normal,normal,light_unoccupied; hvac_unoccupied
2026-01-06 19:50:00,1,1,25.83,97,ON,OFF,0,none,normal,normal,normal,light_occupied_and_dark; hvac_occupied_within_comfort_band
2026-01-06 19:55:00,1,1,25.75,66,ON,OFF,0,none,normal,normal,normal,light_occupied_and_dark; hvac_occupied_within_comfort_band
2026-01-06 20:00:00,0,1,25.72,11,OFF,OFF,0,none,normal,normal,normal,light_unoccupied; hvac_unoccupied
2026-01-06 20:05:00,1,1,25.65,52,ON,OFF,0,none,normal,normal,normal,light_occupied_and_dark; hvac_occupied_within_comfort_band
2026-01-06 20:10:00,1,1,25.55,44,ON,OFF,0,none,normal,normal,normal,light_occupied_and_dark; hvac_occupied_within_comfort_band
2026-01-06 20:15:00,0,1,25.45,16,OFF,OFF,0,none,normal,normal,normal,light_unoccupied; hvac_unoccupied
2026-01-06 20:20:00,0,0,25.44,36,OFF,OFF,0,none,normal,normal,normal,light_unoccupied; hvac_unoccupied
2026-01-06 20:25:00,0,0,25.35,23,OFF,OFF,0,none,normal,normal,normal,light_unoccupied; hvac_unoccupied
2026-01-06 20:30:00,0,0,25.22,17,OFF,OFF,0,none,normal,normal,normal,light_unoccupied; hvac_unoccupied
2026-01-06 20:35:00,0,0,25.09,8,OFF,OFF,0,none,normal,normal,normal,light_unoccupied; hvac_unoccupied
2026-01-06 20:40:00,0,0,25.0,25,OFF,OFF,0,none,normal,normal,normal,light_unoccupied; hvac_unoccupied
2026-01-06 20:45:00,1,1,24.94,43,ON,OFF,0,none,normal,normal,normal,light_occupied_and_dark; hvac_occupied_within_comfort_band
2026-01-06 20:50:00,0,1,24.83,37,OFF,OFF,0,none,normal,normal,normal,light_unoccupied; hvac_unoccupied
2026-01-06 20:55:00,0,1,24.8,12,OFF,OFF,0,none,normal,normal,normal,light_unoccupied; hvac_unoccupied
2026-01-06 21:00:00,1,1,24.74,94,ON,OFF,0,none,normal,normal,normal,light_occupied_and_dark; hvac_occupied_within_comfort_band
2026-01-06 21:05:00,0,0,24.58,0,OFF,OFF,0,none,normal,normal,normal,light_unoccupied; hvac_unoccupied
2026-01-06 21:10:00,0,0,24.35,24,OFF,OFF,0,none,normal,normal,normal,light_unoccupied; hvac_unoccupied
2026-01-06 21:15:00,0,0,24.05,0,OFF,OFF,0,none,normal,normal,normal,light_unoccupied; hvac_unoccupied
2026-01-06 21:20:00,1,0,23.81,71,ON,OFF,0,none,normal,normal,normal,light_occupied_and_dark; hvac_occupied_within_comfort_band
2026-01-06 21:25:00,0,0,23.68,0,OFF,OFF,0,none,normal,normal,normal,light_unoccupied; hvac_unoccupied
2026-01-06 21:30:00,0,0,23.51,0,OFF,OFF,0,none,normal,normal,normal,light_unoccupied; hvac_unoccupied
2026-01-06 21:35:00,0,1,23.51,1,OFF,OFF,0,none,normal,normal,normal,light_unoccupied; hvac_unoccupied
2026-01-06 21:40:00,1,1,23.47,46,ON,OFF,0,none,normal,normal,normal,light_occupied_and_dark; hvac_occupied_within_comfort_band
2026-01-06 21:45:00,0,1,23.47,0,OFF,OFF,0,none,normal,normal,normal,light_unoccupied; hvac_unoccupied
2026-01-06 21:50:00,0,1,23.42,18,OFF,OFF,0,none,normal,normal,normal,light_unoccupied; hvac_unoccupied
2026-01-06 21:55:00,0,1,23.36,0,OFF,OFF,0,none,normal,normal,normal,light_unoccupied; hvac_unoccupied
2026-01-06 22:00:00,1,1,23.22,43,ON,OFF,0,none,normal,normal,normal,light_occupied_and_dark; hvac_occupied_within_comfort_band
2026-01-06 22:05:00,0,1,23.08,17,OFF,OFF,0,none,normal,normal,normal,light_unoccupied; hvac_unoccupied
2026-01-06 22:10:00,0,1,23.03,0,OFF,OFF,0,none,normal,normal,normal,light_unoccupied; hvac_unoccupied
2026-01-06 22:15:00,1,0,23.08,47,ON,OFF,0,none,normal,normal,normal,light_occupied_and_dark; hvac_occupied_within_comfort_band
2026-01-06 22:20:00,0,0,23.13,0,OFF,OFF,0,none,normal,normal,normal,light_unoccupied; hvac_unoccupied
2026-01-06 22:25:00,0,0,23.12,37,OFF,OFF,0,none,normal,normal,normal,light_unoccupied; hvac_unoccupied
2026-01-06 22:30:00,0,0,23.14,0,OFF,OFF,0,none,normal,normal,normal,light_unoccupied; hvac_unoccupied
2026-01-06 22:35:00,1,0,23.03,66,ON,OFF,0,none,normal,normal,normal,light_occupied_and_dark; hvac_occupied_within_comfort_band
2026-01-06 22:40:00,0,0,22.91,36,OFF,OFF,0,none,normal,normal,normal,light_unoccupied; hvac_unoccupied
2026-01-06 22:45:00,0,0,22.68,0,OFF,OFF,0,none,normal,normal,normal,light_unoccupied; hvac_unoccupied
2026-01-06 22:50:00,0,0,22.45,0,OFF,OFF,0,none,normal,normal,normal,light_unoccupied; hvac_unoccupied
2026-01-06 22:55:00,0,0,22.25,31,OFF,OFF,0,none,normal,normal,normal,light_unoccupied; hvac_unoccupied
2026-01-06 23:00:00,0,0,22.06,0,OFF,OFF,0,none,normal,normal,normal,light_unoccupied; hvac_unoccupied
2026-01-06 23:05:00,0,0,21.87,4,OFF,OFF,0,none,normal,normal,normal,light_unoccupied; hvac_unoccupied
2026-01-06 23:10:00,0,0,8.64,54,OFF,OFF,1,rolling_zscore,normal,normal,normal,light_unoccupied; hvac_unoccupied
2026-01-06 23:15:00,0,0,21.36,0,OFF,OFF,0,none,normal,normal,normal,light_unoccupied; hvac_unoccupied
2026-01-06 23:20:00,0,0,21.21,13,OFF,OFF,0,none,normal,normal,normal,light_unoccupied; hvac_unoccupied
2026-01-06 23:25:00,0,0,21.06,43,OFF,OFF,0,none,normal,normal,normal,light_unoccupied; hvac_unoccupied
2026-01-06 23:30:00,0,0,21.16,38,OFF,OFF,0,none,normal,normal,normal,light_unoccupied; hvac_unoccupied
2026-01-06 23:35:00,0,0,21.19,4,OFF,OFF,0,none,normal,normal,normal,light_unoccupied; hvac_unoccupied
2026-01-06 23:40:00,0,0,21.06,0,OFF,OFF,0,none,normal,normal,normal,light_unoccupied; hvac_unoccupied
2026-01-06 23:45:00,0,0,21.01,0,OFF,OFF,0,none,normal,normal,normal,light_unoccupied; hvac_unoccupied
2026-01-06 23:50:00,0,0,20.8,0,OFF,OFF,0,none,normal,normal,normal,light_unoccupied; hvac_unoccupied
2026-01-06 23:55:00,0,0,20.75,21,OFF,OFF,0,none,normal,normal,normal,light_unoccupied; hvac_unoccupied
2026-01-07 00:00:00,0,0,20.61,5,OFF,OFF,0,none,normal,normal,normal,light_unoccupied; hvac_unoccupied
2026-01-07 00:05:00,0,0,20.59,12,OFF,OFF,0,none,normal,normal,normal,light_unoccupied; hvac_unoccupied
2026-01-07 00:10:00,0,0,20.51,46,OFF,OFF,0,none,normal,normal,normal,light_unoccupied; hvac_unoccupied
2026-01-07 00:15:00,0,0,20.49,0,OFF,OFF,0,none,normal,normal,normal,light_unoccupied; hvac_unoccupied
2026-01-07 00:20:00,0,0,20.48,1,OFF,OFF,0,none,normal,normal,normal,light_unoccupied; hvac_unoccupied
2026-01-07 00:25:00,0,0,20.56,16,OFF,OFF,0,none,normal,normal,normal,light_unoccupied; hvac_unoccupied
2026-01-07 00:30:00,0,1,20.49,10,OFF,OFF,0,none,normal,normal,normal,light_unoccupied; hvac_unoccupied
2026-01-07 00:35:00,0,0,20.44,60,OFF,OFF,0,none,normal,normal,normal,light_unoccupied; hvac_unoccupied
2026-01-07 00:40:00,0,0,20.37,41,OFF,OFF,0,none,normal,normal,normal,light_unoccupied; hvac_unoccupied
2026-01-07 00:45:00,0,0,20.43,20,OFF,OFF,0,none,normal,normal,normal,light_unoccupied; hvac_unoccupied
2026-01-07 00:50:00,0,0,20.24,72,OFF,OFF,0,none,normal,normal,normal,light_unoccupied; hvac_unoccupied
2026-01-07 00:55:00,0,1,20.19,0,OFF,OFF,0,none,normal,normal,normal,light_unoccupied; hvac_unoccupied
2026-01-07 01:00:00,0,1,20.14,34,OFF,OFF,0,none,normal,normal,normal,light_unoccupied; hvac_unoccupied
2026-01-07 01:05:00,0,1,20.31,47,OFF,OFF,0,none,normal,normal,normal,light_unoccupied; hvac_unoccupied
2026-01-07 01:10:00,0,1,20.43,2,OFF,OFF,0,none,normal,normal,normal,light_unoccupied; hvac_unoccupied
2026-01-07 01:15:00,0,0,20.46,20,OFF,OFF,0,none,normal,normal,normal,light_unoccupied; hvac_unoccupied
2026-01-07 01:20:00,0,0,20.49,0,OFF,OFF,0,none,normal,normal,normal,light_unoccupied; hvac_unoccupied
2026-01-07 01:25:00,0,0,20.46,34,OFF,OFF,0,none,normal,normal,normal,light_unoccupied; hvac_unoccupied
2026-01-07 01:30:00,0,0,20.42,47,OFF,OFF,0,none,normal,normal,normal,light_unoccupied; hvac_unoccupied
2026-01-07 01:35:00,0,0,20.37,19,OFF,OFF,0,none,normal,normal,normal,light_unoccupied; hvac_unoccupied
2026-01-07 01:40:00,0,0,20.27,0,OFF,OFF,0,none,normal,normal,normal,light_unoccupied; hvac_unoccupied
2026-01-07 01:45:00,0,0,20.2,0,OFF,OFF,0,none,normal,normal,normal,light_unoccupied; hvac_unoccupied
2026-01-07 01:50:00,0,0,20.18,29,OFF,OFF,0,none,normal,normal,normal,light_unoccupied; hvac_unoccupied
2026-01-07 01:55:00,0,0,20.05,10,OFF,OFF,0,none,normal,normal,normal,light_unoccupied; hvac_unoccupied
2026-01-07 02:00:00,0,0,19.97,0,OFF,OFF,0,none,normal,normal,normal,light_unoccupied; hvac_unoccupied
2026-01-07 02:05:00,0,0,19.8,53,OFF,OFF,0,none,normal,normal,normal,light_unoccupied; hvac_unoccupied
2026-01-07 02:10:00,0,0,19.8,14,OFF,OFF,0,none,normal,normal,normal,light_unoccupied; hvac_unoccupied
2026-01-07 02:15:00,0,0,19.71,0,OFF,OFF,0,none,normal,normal,normal,light_unoccupied; hvac_unoccupied
2026-01-07 02:20:00,0,0,19.73,44,OFF,OFF,0,none,normal,normal,normal,light_unoccupied; hvac_unoccupied
2026-01-07 02:25:00,0,0,19.6,0,OFF,OFF,0,none,normal,normal,normal,light_unoccupied; hvac_unoccupied
2026-01-07 02:30:00,0,0,19.54,0,OFF,OFF,0,none,normal,normal,normal,light_unoccupied; hvac_unoccupied
2026-01-07 02:35:00,0,0,19.4,22,OFF,OFF,0,none,normal,normal,normal,light_unoccupied; hvac_unoccupied
2026-01-07 02:40:00,0,0,19.41,72,OFF,OFF,0,none,normal,normal,normal,light_unoccupied; hvac_unoccupied
2026-01-07 02:45:00,0,0,19.48,66,OFF,OFF,0,none,normal,normal,normal,light_unoccupied; hvac_unoccupied
2026-01-07 02:50:00,0,0,19.61,22,OFF,OFF,0,none,normal,normal,normal,light_unoccupied; hvac_unoccupied
2026-01-07 02:55:00,0,0,19.58,26,OFF,OFF,0,none,normal,normal,normal,light_unoccupied; hvac_unoccupied
2026-01-07 03:00:00,0,0,19.5,37,OFF,OFF,0,none,normal,normal,normal,light_unoccupied; hvac_unoccupied
2026-01-07 03:05:00,0,0,19.42,0,OFF,OFF,0,none,normal,normal,normal,light_unoccupied; hvac_unoccupied
2026-01-07 03:10:00,0,0,19.5,32,OFF,OFF,0,none,normal,normal,normal,light_unoccupied; hvac_unoccupied
2026-01-07 03:15:00,0,0,19.44,0,OFF,OFF,0,none,normal,normal,normal,light_unoccupied; hvac_unoccupied
2026-01-07 03:20:00,0,0,19.37,21,OFF,OFF,0,none,normal,normal,normal,light_unoccupied; hvac_unoccupied
2026-01-07 03:25:00,0,0,19.37,2,OFF,OFF,0,none,normal,normal,normal,light_unoccupied; hvac_unoccupied
2026-01-07 03:30:00,0,0,19.37,27,OFF,OFF,0,none,normal,normal,normal,light_unoccupied; hvac_unoccupied
2026-01-07 03:35:00,0,0,19.44,14,OFF,OFF,0,none,normal,normal,normal,light_unoccupied; hvac_unoccupied
2026-01-07 03:40:00,0,0,19.44,0,OFF,OFF,0,none,normal,normal,normal,light_unoccupied; hvac_unoccupied
2026-01-07 03:45:00,0,0,19.57,16,OFF,OFF,0,none,normal,normal,normal,light_unoccupied; hvac_unoccupied
2026-01-07 03:50:00,0,0,19.6,32,OFF,OFF,0,none,normal,normal,normal,light_unoccupied; hvac_unoccupied
2026-01-07 03:55:00,0,0,19.59,25,OFF,OFF,0,none,normal,normal,normal,light_unoccupied; hvac_unoccupied
2026-01-07 04:00:00,0,0,19.63,6,OFF,OFF,0,none,normal,normal,normal,light_unoccupied; hvac_unoccupied
2026-01-07 04:05:00,0,0,19.68,67,OFF,OFF,0,none,normal,normal,normal,light_unoccupied; hvac_unoccupied
2026-01-07 04:10:00,0,0,19.68,20,OFF,OFF,0,none,normal,normal,normal,light_unoccupied; hvac_unoccupied
2026-01-07 04:15:00,0,0,19.67,25,OFF,OFF,0,none,normal,normal,normal,light_unoccupied; hvac_unoccupied
2026-01-07 04:20:00,0,0,19.7,46,OFF,OFF,0,none,normal,normal,normal,light_unoccupied; hvac_unoccupied
2026-01-07 04:25:00,0,0,19.85,22,OFF,OFF,0,none,normal,normal,normal,light_unoccupied; hvac_unoccupied
2026-01-07 04:30:00,0,0,19.92,0,OFF,OFF,0,none,normal,normal,normal,light_unoccupied; hvac_unoccupied
2026-01-07 04:35:00,0,0,19.99,0,OFF,OFF,0,none,normal,normal,normal,light_unoccupied; hvac_unoccupied
2026-01-07 04:40:00,0,0,19.91,0,OFF,OFF,0,none,normal,normal,normal,light_unoccupied; hvac_unoccupied
2026-01-07 04:45:00,0,0,19.88,36,OFF,OFF,0,none,normal,normal,normal,light_unoccupied; hvac_unoccupied
2026-01-07 04:50:00,0,0,19.84,0,OFF,OFF,0,none,normal,normal,normal,light_unoccupied; hvac_unoccupied
2026-01-07 04:55:00,0,0,19.91,38,OFF,OFF,0,none,normal,normal,normal,light_unoccupied; hvac_unoccupied
2026-01-07 05:00:00,0,0,19.92,15,OFF,OFF,0,none,normal,normal,normal,light_unoccupied; hvac_unoccupied
2026-01-07 05:05:00,0,0,20.04,55,OFF,OFF,0,none,normal,normal,normal,light_unoccupied; hvac_unoccupied
2026-01-07 05:10:00,0,0,20.14,0,OFF,OFF,0,none,normal,normal,normal,light_unoccupied; hvac_unoccupied
2026-01-07 05:15:00,0,1,20.26,51,OFF,OFF,0,none,normal,normal,normal,light_unoccupied; hvac_unoccupied
2026-01-07 05:20:00,0,1,20.36,52,OFF,OFF,0,none,normal,normal,normal,light_unoccupied; hvac_unoccupied
2026-01-07 05:25:00,0,1,20.5,87,OFF,OFF,0,none,normal,normal,normal,light_unoccupied; hvac_unoccupied
2026-01-07 05:30:00,0,1,20.73,0,OFF,OFF,0,none,normal,normal,normal,light_unoccupied; hvac_unoccupied
2026-01-07 05:35:00,0,1,20.81,18,OFF,OFF,0,none,normal,normal,normal,light_unoccupied; hvac_unoccupied
2026-01-07 05:40:00,0,0,20.93,39,OFF,OFF,0,none,normal,normal,normal,light_unoccupied; hvac_unoccupied
2026-01-07 05:45:00,0,0,20.98,64,OFF,OFF,0,none,normal,normal,normal,light_unoccupied; hvac_unoccupied
2026-01-07 05:50:00,0,0,21.14,18,OFF,OFF,0,none,normal,normal,normal,light_unoccupied; hvac_unoccupied
2026-01-07 05:55:00,0,0,21.17,0,OFF,OFF,0,none,normal,normal,normal,light_unoccupied; hvac_unoccupied
2026-01-07 06:00:00,0,0,21.11,36,OFF,OFF,0,none,normal,normal,normal,light_unoccupied; hvac_unoccupied
2026-01-07 06:05:00,0,0,21.09,55,OFF,OFF,0,none,normal,normal,normal,light_unoccupied; hvac_unoccupied
2026-01-07 06:10:00,0,0,21.18,27,OFF,OFF,0,none,normal,normal,normal,light_unoccupied; hvac_unoccupied
2026-01-07 06:15:00,0,0,21.33,66,OFF,OFF,0,none,normal,normal,normal,light_unoccupied; hvac_unoccupied
2026-01-07 06:20:00,0,0,21.45,110,OFF,OFF,0,none,normal,normal,normal,light_unoccupied; hvac_unoccupied
2026-01-07 06:25:00,0,0,21.42,150,OFF,OFF,0,none,normal,normal,normal,light_unoccupied; hvac_unoccupied
2026-01-07 06:30:00,0,0,21.36,124,OFF,OFF,0,none,normal,normal,normal,light_unoccupied; hvac_unoccupied
2026-01-07 06:35:00,0,0,21.22,114,OFF,OFF,0,none,normal,normal,normal,light_unoccupied; hvac_unoccupied
2026-01-07 06:40:00,0,1,21.28,151,OFF,OFF,0,none,normal,normal,normal,light_unoccupied; hvac_unoccupied
2026-01-07 06:45:00,0,1,21.36,187,OFF,OFF,0,none,normal,normal,normal,light_unoccupied; hvac_unoccupied
2026-01-07 06:50:00,0,1,21.55,178,OFF,OFF,0,none,normal,normal,normal,light_unoccupied; hvac_unoccupied
2026-01-07 06:55:00,0,0,21.59,178,OFF,OFF,0,none,normal,normal,normal,light_unoccupied; hvac_unoccupied
2026-01-07 07:00:00,0,0,21.81,148,OFF,OFF,0,none,normal,normal,normal,light_unoccupied; hvac_unoccupied
2026-01-07 07:05:00,0,1,21.95,270,OFF,OFF,0,none,normal,normal,normal,light_unoccupied; hvac_unoccupied
2026-01-07 07:10:00,0,1,22.13,199,OFF,OFF,0,none,normal,normal,normal,light_unoccupied; hvac_unoccupied
2026-01-07 07:15:00,0,1,22.26,238,OFF,OFF,0,none,normal,normal,normal,light_unoccupied; hvac_unoccupied
2026-01-07 07:20:00,1,1,22.47,270,ON,OFF,0,none,normal,normal,normal,light_occupied_and_dark; hvac_occupied_within_comfort_band
2026-01-07 07:25:00,1,0,22.65,326,OFF,OFF,0,none,normal,normal,normal,light_occupied_but_bright; hvac_occupied_within_comfort_band
2026-01-07 07:30:00,1,0,22.75,255,ON,OFF,0,none,normal,normal,normal,light_occupied_and_dark; hvac_occupied_within_comfort_band
2026-01-07 07:35:00,1,0,22.77,260,ON,OFF,0,none,normal,normal,normal,light_occupied_and_dark; hvac_occupied_within_comfort_band
2026-01-07 07:40:00,1,0,22.84,278,ON,OFF,0,none,normal,normal,normal,light_occupied_and_dark; hvac_occupied_within_comfort_band
2026-01-07 07:45:00,1,0,22.85,368,OFF,OFF,0,none,normal,normal,normal,light_occupied_but_bright; hvac_occupied_within_comfort_band
2026-01-07 07:50:00,1,0,22.82,225,ON,OFF,0,none,normal,normal,normal,light_occupied_and_dark; hvac_occupied_within_comfort_band
2026-01-07 07:55:00,1,1,22.77,326,OFF,OFF,0,none,normal,normal,normal,light_occupied_but_bright; hvac_occupied_within_comfort_band
2026-01-07 08:00:00,1,1,22.92,470,OFF,OFF,0,none,normal,normal,normal,light_occupied_but_bright; hvac_occupied_within_comfort_band
2026-01-07 08:05:00,1,1,23.1,408,OFF,OFF,0,none,normal,normal,normal,light_occupied_but_bright; hvac_occupied_within_comfort_band
2026-01-07 08:10:00,1,1,23.28,361,OFF,OFF,0,none,normal,normal,normal,light_occupied_but_bright; hvac_occupied_within_comfort_band
2026-01-07 08:15:00,1,1,23.37,411,OFF,OFF,0,none,normal,normal,normal,light_occupied_but_bright; hvac_occupied_within_comfort_band
2026-01-07 08:20:00,1,1,23.5,427,OFF,OFF,0,none,normal,normal,normal,light_occupied_but_bright; hvac_occupied_within_comfort_band
2026-01-07 08:25:00,1,1,23.68,466,OFF,OFF,0,none,normal,normal,normal,light_occupied_but_bright; hvac_occupied_within_comfort_band
2026-01-07 08:30:00,1,1,23.87,513,OFF,OFF,0,none,normal,normal,normal,light_occupied_but_bright; hvac_occupied_within_comfort_band
2026-01-07 08:35:00,1,1,24.03,474,OFF,OFF,0,none,normal,normal,normal,light_occupied_but_bright; hvac_occupied_within_comfort_band
2026-01-07 08:40:00,1,0,24.14,428,OFF,OFF,0,none,normal,normal,normal,light_occupied_but_bright; hvac_occupied_within_comfort_band
2026-01-07 08:45:00,1,1,24.23,510,OFF,OFF,0,none,normal,normal,normal,light_occupied_but_bright; hvac_occupied_within_comfort_band
2026-01-07 08:50:00,1,1,24.38,469,OFF,OFF,0,none,normal,normal,normal,light_occupied_but_bright; hvac_occupied_within_comfort_band
2026-01-07 08:55:00,1,1,24.58,469,OFF,OFF,0,none,normal,normal,normal,light_occupied_but_bright; hvac_occupied_within_comfort_band
2026-01-07 09:00:00,1,1,24.72,454,OFF,OFF,0,none,normal,normal,normal,light_occupied_but_bright; hvac_occupied_within_comfort_band
2026-01-07 09:05:00,1,1,24.84,471,OFF,OFF,0,none,normal,normal,normal,light_occupied_but_bright; hvac_occupied_within_comfort_band
2026-01-07 09:10:00,1,1,24.88,504,OFF,OFF,0,none,normal,normal,normal,light_occupied_but_bright; hvac_occupied_within_comfort_band
2026-01-07 09:15:00,1,1,24.92,505,OFF,OFF,0,none,normal,normal,normal,light_occupied_but_bright; hvac_occupied_within_comfort_band
2026-01-07 09:20:00,1,1,25.05,566,OFF,OFF,0,none,normal,normal,normal,light_occupied_but_bright; hvac_occupied_within_comfort_band
2026-01-07 09:25:00,1,1,25.16,523,OFF,OFF,0,none,normal,normal,normal,light_occupied_but_bright; hvac_occupied_within_comfort_band
2026-01-07 09:30:00,1,1,25.29,464,OFF,OFF,0,none,normal,normal,normal,light_occupied_but_bright; hvac_occupied_within_comfort_band
2026-01-07 09:35:00,1,1,25.28,546,OFF,OFF,0,none,normal,normal,normal,light_occupied_but_bright; hvac_occupied_within_comfort_band
2026-01-07 09:40:00,1,1,25.45,575,OFF,OFF,0,none,normal,normal,normal,light_occupied_but_bright; hvac_occupied_within_comfort_band
2026-01-07 09:45:00,1,1,25.69,579,OFF,OFF,0,none,normal,normal,normal,light_occupied_but_bright; hvac_occupied_within_comfort_band
2026-01-07 09:50:00,1,1,25.85,661,OFF,OFF,0,none,normal,normal,normal,light_occupied_but_bright; hvac_occupied_within_comfort_band
2026-01-07 09:55:00,1,1,25.9,594,OFF,OFF,0,none,normal,normal,normal,light_occupied_but_bright; hvac_occupied_within_comfort_band
2026-01-07 10:00:00,1,1,25.97,654,OFF,OFF,0,none,normal,normal,normal,light_occupied_but_bright; hvac_occupied_within_comfort_band
2026-01-07 10:05:00,1,1,25.99,630,OFF,OFF,0,none,normal,normal,normal,light_occupied_but_bright; hvac_occupied_within_comfort_band
2026-01-07 10:10:00,1,1,26.18,636,OFF,COOLING,0,none,normal,normal,normal,light_occupied_but_bright; hvac_occupied_and_hot
2026-01-07 10:15:00,1,1,26.33,615,OFF,COOLING,0,none,normal,normal,normal,light_occupied_but_bright; hvac_occupied_and_hot
2026-01-07 10:20:00,1,1,26.37,649,OFF,COOLING,0,none,normal,normal,normal,light_occupied_but_bright; hvac_occupied_and_hot
2026-01-07 10:25:00,1,1,26.35,630,OFF,COOLING,0,none,normal,normal,normal,light_occupied_but_bright; hvac_occupied_and_hot
2026-01-07 10:30:00,1,1,26.27,669,OFF,COOLING,0,none,normal,normal,normal,light_occupied_but_bright; hvac_occupied_and_hot
2026-01-07 10:35:00,1,0,26.43,635,OFF,COOLING,0,none,normal,normal,normal,light_occupied_but_bright; hvac_occupied_and_hot
2026-01-07 10:40:00,1,1,26.46,640,OFF,COOLING,0,none,normal,normal,normal,light_occupied_but_bright; hvac_occupied_and_hot
2026-01-07 10:45:00,1,1,26.57,713,OFF,COOLING,0,none,normal,normal,normal,light_occupied_but_bright; hvac_occupied_and_hot
2026-01-07 10:50:00,1,1,26.66,698,OFF,COOLING,0,none,normal,normal,normal,light_occupied_but_bright; hvac_occupied_and_hot
2026-01-07 10:55:00,1,1,26.71,672,OFF,COOLING,0,none,normal,normal,normal,light_occupied_but_bright; hvac_occupied_and_hot
2026-01-07 11:00:00,1,1,26.74,696,OFF,COOLING,0,none,normal,normal,normal,light_occupied_but_bright; hvac_occupied_and_hot
2026-01-07 11:05:00,1,1,26.85,692,OFF,COOLING,0,none,normal,normal,normal,light_occupied_but_bright; hvac_occupied_and_hot
2026-01-07 11:10:00,1,1,26.91,668,OFF,COOLING,0,none,normal,normal,normal,light_occupied_but_bright; hvac_occupied_and_hot
2026-01-07 11:15:00,1,1,26.91,704,OFF,COOLING,0,none,normal,normal,normal,light_occupied_but_bright; hvac_occupied_and_hot
2026-01-07 11:20:00,1,0,27.01,657,OFF,COOLING,0,none,normal,normal,normal,light_occupied_but_bright; hvac_occupied_and_hot
2026-01-07 11:25:00,1,1,27.07,674,OFF,COOLING,0,none,normal,normal,normal,light_occupied_but_bright; hvac_occupied_and_hot
2026-01-07 11:30:00,1,1,27.18,652,OFF,COOLING,0,none,normal,normal,normal,light_occupied_but_bright; hvac_occupied_and_hot
2026-01-07 11:35:00,1,1,27.17,698,OFF,COOLING,0,none,normal,normal,normal,light_occupied_but_bright; hvac_occupied_and_hot
2026-01-07 11:40:00,1,0,27.3,707,OFF,COOLING,0,none,normal,normal,normal,light_occupied_but_bright; hvac_occupied_and_hot
2026-01-07 11:45:00,1,1,27.46,689,OFF,COOLING,0,none,normal,normal,normal,light_occupied_but_bright; hvac_occupied_and_hot
2026-01-07 11:50:00,1,1,27.53,802,OFF,COOLING,1,rolling_zscore,normal,normal,normal,light_occupied_but_bright; hvac_occupied_and_hot
2026-01-07 11:55:00,1,1,27.49,745,OFF,COOLING,0,none,normal,normal,normal,light_occupied_but_bright; hvac_occupied_and_hot
2026-01-07 12:00:00,1,1,27.4,760,OFF,COOLING,0,none,normal,normal,normal,light_occupied_but_bright; hvac_occupied_and_hot
2026-01-07 12:05:00,1,1,27.41,742,OFF,COOLING,0,none,normal,normal,normal,light_occupied_but_bright; hvac_occupied_and_hot
2026-01-07 12:10:00,1,1,27.54,779,OFF,COOLING,0,none,normal,normal,normal,light_occupied_but_bright; hvac_occupied_and_hot
2026-01-07 12:15:00,1,1,27.58,685,OFF,COOLING,0,none,normal,normal,normal,light_occupied_but_bright; hvac_occupied_and_hot
2026-01-07 12:20:00,1,1,27.74,622,OFF,COOLING,0,none,normal,normal,normal,light_occupied_but_bright; hvac_occupied_and_hot
2026-01-07 12:25:00,1,1,27.8,695,OFF,COOLING,0,none,normal,normal,normal,light_occupied_but_bright; hvac_occupied_and_hot
2026-01-07 12:30:00,1,1,28.06,728,OFF,COOLING,0,none,normal,normal,normal,light_occupied_but_bright; hvac_occupied_and_hot
2026-01-07 12:35:00,1,1,28.16,712,OFF,COOLING,0,none,normal,normal,normal,light_occupied_but_bright; hvac_occupied_and_hot
2026-01-07 12:40:00,1,1,28.3,714,OFF,COOLING,0,none,normal,normal,normal,light_occupied_but_bright; hvac_occupied_and_hot
2026-01-07 12:45:00,1,1,28.33,748,OFF,COOLING,0,none,normal,normal,normal,light_occupied_but_bright; hvac_occupied_and_hot
2026-01-07 12:50:00,1,1,28.27,712,OFF,COOLING,0,none,normal,normal,normal,light_occupied_but_bright; hvac_occupied_and_hot
2026-01-07 12:55:00,1,1,28.36,723,OFF,COOLING,0,none,normal,normal,normal,light_occupied_but_bright; hvac_occupied_and_hot
2026-01-07 13:00:00,1,1,28.36,658,OFF,COOLING,0,none,normal,normal,normal,light_occupied_but_bright; hvac_occupied_and_hot
2026-01-07 13:05:00,1,1,28.42,649,OFF,COOLING,0,none,normal,normal,normal,light_occupied_but_bright; hvac_occupied_and_hot
2026-01-07 13:10:00,1,1,28.41,740,OFF,COOLING,0,none,normal,normal,normal,light_occupied_but_bright; hvac_occupied_and_hot
2026-01-07 13:15:00,1,1,28.46,682,OFF,COOLING,0,none,normal,normal,normal,light_occupied_but_bright; hvac_occupied_and_hot
2026-01-07 13:20:00,1,1,28.53,652,OFF,COOLING,0,none,normal,normal,normal,light_occupied_but_bright; hvac_occupied_and_hot
2026-01-07 13:25:00,1,1,28.63,647,OFF,COOLING,0,none,normal,normal,normal,light_occupied_but_bright; hvac_occupied_and_hot
2026-01-07 13:30:00,1,1,28.65,640,OFF,COOLING,0,none,normal,normal,normal,light_occupied_but_bright; hvac_occupied_and_hot
2026-01-07 13:35:00,1,1,28.79,632,OFF,COOLING,0,none,normal,normal,normal,light_occupied_but_bright; hvac_occupied_and_hot
2026-01-07 13:40:00,1,1,28.71,606,OFF,COOLING,0,none,normal,normal,normal,light_occupied_but_bright; hvac_occupied_and_hot
2026-01-07 13:45:00,1,1,28.86,592,OFF,COOLING,0,none,normal,normal,normal,light_occupied_but_bright; hvac_occupied_and_hot
2026-01-07 13:50:00,1,1,28.75,631,OFF,COOLING,0,none,normal,normal,normal,light_occupied_but_bright; hvac_occupied_and_hot
2026-01-07 13:55:00,1,1,28.84,610,OFF,COOLING,0,none,normal,normal,normal,light_occupied_but_bright; hvac_occupied_and_hot
2026-01-07 14:00:00,1,1,28.76,662,OFF,COOLING,0,none,normal,normal,normal,light_occupied_but_bright; hvac_occupied_and_hot
2026-01-07 14:05:00,1,1,28.82,626,OFF,COOLING,0,none,normal,normal,normal,light_occupied_but_bright; hvac_occupied_and_hot
2026-01-07 14:10:00,1,1,28.88,617,OFF,COOLING,0,none,normal,normal,normal,light_occupied_but_bright; hvac_occupied_and_hot
2026-01-07 14:15:00,1,1,29.0,574,OFF,COOLING,1,light_flatline,normal,suspect,normal,light_sensor_suspect; hvac_occupied_and_hot
2026-01-07 14:20:00,1,1,29.1,573,OFF,COOLING,1,light_flatline,normal,suspect,normal,light_sensor_suspect; hvac_occupied_and_hot
2026-01-07 14:25:00,1,1,29.05,574,OFF,COOLING,1,light_flatline,normal,suspect,normal,light_sensor_suspect; hvac_occupied_and_hot
2026-01-07 14:30:00,1,1,29.0,572,OFF,COOLING,1,light_flatline,normal,suspect,normal,light_sensor_suspect; hvac_occupied_and_hot
2026-01-07 14:35:00,1,1,28.92,574,OFF,COOLING,1,light_flatline,normal,suspect,normal,light_sensor_suspect; hvac_occupied_and_hot
2026-01-07 14:40:00,1,1,28.9,572,OFF,COOLING,1,light_flatline,normal,suspect,normal,light_sensor_suspect; hvac_occupied_and_hot
2026-01-07 14:45:00,1,1,28.84,574,OFF,COOLING,1,light_flatline,normal,suspect,normal,light_sensor_suspect; hvac_occupied_and_hot
2026-01-07 14:50:00,1,1,28.86,573,OFF,COOLING,1,light_flatline,normal,suspect,normal,light_sensor_suspect; hvac_occupied_and_hot
2026-01-07 14:55:00,1,1,28.93,509,OFF,COOLING,0,none,normal,normal,normal,light_occupied_but_bright; hvac_occupied_and_hot
2026-01-07 15:00:00,1,1,28.89,452,OFF,COOLING,0,none,normal,normal,normal,light_occupied_but_bright; hvac_occupied_and_hot
2026-01-07 15:05:00,1,1,28.91,514,OFF,COOLING,0,none,normal,normal,normal,light_occupied_but_bright; hvac_occupied_and_hot
2026-01-07 15:10:00,1,1,28.98,519,OFF,COOLING,0,none,normal,normal,normal,light_occupied_but_bright; hvac_occupied_and_hot
2026-01-07 15:15:00,1,1,29.13,503,OFF,COOLING,0,none,normal,normal,normal,light_occupied_but_bright; hvac_occupied_and_hot
2026-01-07 15:20:00,1,1,29.09,486,OFF,COOLING,0,none,normal,normal,normal,light_occupied_but_bright; hvac_occupied_and_hot
2026-01-07 15:25:00,1,1,28.94,448,OFF,COOLING,0,none,normal,normal,normal,light_occupied_but_bright; hvac_occupied_and_hot
2026-01-07 15:30:00,1,1,28.9,420,OFF,COOLING,0,none,normal,normal,normal,light_occupied_but_bright; hvac_occupied_and_hot
2026-01-07 15:35:00,1,1,28.8,456,OFF,COOLING,0,none,normal,normal,normal,light_occupied_but_bright; hvac_occupied_and_hot
2026-01-07 15:40:00,1,1,28.92,439,OFF,COOLING,0,none,normal,normal,normal,light_occupied_but_bright; hvac_occupied_and_hot
2026-01-07 15:45:00,1,1,28.87,393,OFF,COOLING,0,none,normal,normal,normal,light_occupied_but_bright; hvac_occupied_and_hot
2026-01-07 15:50:00,1,1,29.06,439,OFF,COOLING,0,none,normal,normal,normal,light_occupied_but_bright; hvac_occupied_and_hot
2026-01-07 15:55:00,1,1,28.9,356,OFF,COOLING,0,none,normal,normal,normal,light_occupied_but_bright; hvac_occupied_and_hot
2026-01-07 16:00:00,1,1,28.94,354,OFF,COOLING,0,none,normal,normal,normal,light_occupied_but_bright; hvac_occupied_and_hot
2026-01-07 16:05:00,1,1,28.82,419,OFF,COOLING,0,none,normal,normal,normal,light_occupied_but_bright; hvac_occupied_and_hot
2026-01-07 16:10:00,1,1,28.86,379,OFF,COOLING,0,none,normal,normal,normal,light_occupied_but_bright; hvac_occupied_and_hot
2026-01-07 16:15:00,1,1,28.72,323,OFF,COOLING,0,none,normal,normal,normal,light_occupied_but_bright; hvac_occupied_and_hot
2026-01-07 16:20:00,1,1,28.73,332,OFF,COOLING,0,none,normal,normal,normal,light_occupied_but_bright; hvac_occupied_and_hot
2026-01-07 16:25:00,1,1,28.75,314,OFF,COOLING,0,none,normal,normal,normal,light_occupied_but_bright; hvac_occupied_and_hot
2026-01-07 16:30:00,1,1,28.88,199,ON,COOLING,0,none,normal,normal,normal,light_occupied_and_dark; hvac_occupied_and_hot
2026-01-07 16:35:00,1,1,28.87,249,ON,COOLING,0,none,normal,normal,normal,light_occupied_and_dark; hvac_occupied_and_hot
2026-01-07 16:40:00,1,1,28.77,265,ON,COOLING,0,none,normal,normal,normal,light_occupied_and_dark; hvac_occupied_and_hot
2026-01-07 16:45:00,1,0,28.55,216,ON,COOLING,0,none,normal,normal,normal,light_occupied_and_dark; hvac_occupied_and_hot
2026-01-07 16:50:00,1,1,28.36,248,ON,COOLING,0,none,normal,normal,normal,light_occupied_and_dark; hvac_occupied_and_hot
2026-01-07 16:55:00,1,1,28.38,264,ON,COOLING,0,none,normal,normal,normal,light_occupied_and_dark; hvac_occupied_and_hot
2026-01-07 17:00:00,1,1,28.35,199,ON,COOLING,0,none,normal,normal,normal,light_occupied_and_dark; hvac_occupied_and_hot
2026-01-07 17:05:00,1,1,28.45,159,ON,COOLING,0,none,normal,normal,normal,light_occupied_and_dark; hvac_occupied_and_hot
2026-01-07 17:10:00,1,1,28.36,193,ON,COOLING,0,none,normal,normal,normal,light_occupied_and_dark; hvac_occupied_and_hot
2026-01-07 17:15:00,1,1,28.36,156,ON,COOLING,0,none,normal,normal,normal,light_occupied_and_dark; hvac_occupied_and_hot
2026-01-07 17:20:00,1,1,28.23,147,ON,COOLING,0,none,normal,normal,normal,light_occupied_and_dark; hvac_occupied_and_hot
2026-01-07 17:25:00,1,1,28.19,128,ON,COOLING,0,none,normal,normal,normal,light_occupied_and_dark; hvac_occupied_and_hot
2026-01-07 17:30:00,1,1,28.12,971,OFF,COOLING,1,rolling_zscore,normal,normal,normal,light_occupied_but_bright; hvac_occupied_and_hot
2026-01-07 17:35:00,1,1,28.06,30,ON,COOLING,0,none,normal,normal,normal,light_occupied_and_dark; hvac_occupied_and_hot
2026-01-07 17:40:00,1,1,28.01,80,ON,COOLING,0,none,normal,normal,normal,light_occupied_and_dark; hvac_occupied_and_hot
2026-01-07 17:45:00,1,1,27.99,79,ON,COOLING,0,none,normal,normal,normal,light_occupied_and_dark; hvac_occupied_and_hot
2026-01-07 17:50:00,1,1,27.95,37,ON,COOLING,0,none,normal,normal,normal,light_occupied_and_dark; hvac_occupied_and_hot
2026-01-07 17:55:00,1,1,27.93,81,ON,COOLING,0,none,normal,normal,normal,light_occupied_and_dark; hvac_occupied_and_hot
2026-01-07 18:00:00,1,1,27.88,63,ON,COOLING,0,none,normal,normal,normal,light_occupied_and_dark; hvac_occupied_and_hot
2026-01-07 18:05:00,1,1,27.88,33,ON,COOLING,0,none,normal,normal,normal,light_occupied_and_dark; hvac_occupied_and_hot
2026-01-07 18:10:00,1,1,27.76,25,ON,COOLING,0,none,normal,normal,normal,light_occupied_and_dark; hvac_occupied_and_hot
2026-01-07 18:15:00,1,0,27.6,6,ON,COOLING,0,none,normal,normal,normal,light_occupied_and_dark; hvac_occupied_and_hot
2026-01-07 18:20:00,1,0,27.52,6,ON,COOLING,0,none,normal,normal,normal,light_occupied_and_dark; hvac_occupied_and_hot
2026-01-07 18:25:00,1,1,27.47,32,ON,COOLING,0,none,normal,normal,normal,light_occupied_and_dark; hvac_occupied_and_hot
2026-01-07 18:30:00,1,1,27.46,28,ON,COOLING,0,none,normal,normal,normal,light_occupied_and_dark; hvac_occupied_and_hot
2026-01-07 18:35:00,1,1,27.29,43,ON,COOLING,0,none,normal,normal,normal,light_occupied_and_dark; hvac_occupied_and_hot
2026-01-07 18:40:00,1,1,27.12,61,ON,COOLING,0,none,normal,normal,normal,light_occupied_and_dark; hvac_occupied_and_hot
2026-01-07 18:45:00,1,1,27.08,0,ON,COOLING,0,none,normal,normal,normal,light_occupied_and_dark; hvac_occupied_and_hot
2026-01-07 18:50:00,0,0,26.97,0,OFF,OFF,0,none,normal,normal,normal,light_unoccupied; hvac_unoccupied
2026-01-07 18:55:00,0,1,26.84,0,OFF,OFF,0,none,normal,normal,normal,light_unoccupied; hvac_unoccupied
2026-01-07 19:00:00,1,1,26.74,65,ON,COOLING,0,none,normal,normal,normal,light_occupied_and_dark; hvac_occupied_and_hot
2026-01-07 19:05:00,0,0,26.64,18,OFF,OFF,0,none,normal,normal,normal,light_unoccupied; hvac_unoccupied
2026-01-07 19:10:00,0,0,26.6,27,OFF,OFF,0,none,normal,normal,normal,light_unoccupied; hvac_unoccupied
2026-01-07 19:15:00,0,1,26.32,0,OFF,OFF,0,none,normal,normal,normal,light_unoccupied; hvac_unoccupied
2026-01-07 19:20:00,1,0,26.27,72,ON,COOLING,0,none,normal,normal,normal,light_occupied_and_dark; hvac_occupied_and_hot
2026-01-07 19:25:00,0,0,26.21,0,OFF,OFF,0,none,normal,normal,normal,light_unoccupied; hvac_unoccupied
2026-01-07 19:30:00,0,0,26.12,15,OFF,OFF,0,none,normal,normal,normal,light_unoccupied; hvac_unoccupied
2026-01-07 19:35:00,0,0,25.87,39,OFF,OFF,0,none,normal,normal,normal,light_unoccupied; hvac_unoccupied
2026-01-07 19:40:00,0,1,25.55,0,OFF,OFF,0,none,normal,normal,normal,light_unoccupied; hvac_unoccupied
2026-01-07 19:45:00,0,1,25.48,15,OFF,OFF,0,none,normal,normal,normal,light_unoccupied; hvac_unoccupied
2026-01-07 19:50:00,0,1,25.41,41,OFF,OFF,0,none,normal,normal,normal,light_unoccupied; hvac_unoccupied
2026-01-07 19:55:00,1,1,25.42,135,ON,OFF,0,none,normal,normal,normal,light_occupied_and_dark; hvac_occupied_within_comfort_band
2026-01-07 20:00:00,1,1,25.26,45,ON,OFF,0,none,normal,normal,normal,light_occupied_and_dark; hvac_occupied_within_comfort_band
2026-01-07 20:05:00,1,0,25.3,66,ON,OFF,0,none,normal,normal,normal,light_occupied_and_dark; hvac_occupied_within_comfort_band
2026-01-07 20:10:00,1,1,25.32,77,ON,OFF,0,none,normal,normal,normal,light_occupied_and_dark; hvac_occupied_within_comfort_band
2026-01-07 20:15:00,1,1,25.33,47,ON,OFF,0,none,normal,normal,normal,light_occupied_and_dark; hvac_occupied_within_comfort_band
2026-01-07 20:20:00,0,1,25.2,0,OFF,OFF,0,none,normal,normal,normal,light_unoccupied; hvac_unoccupied
2026-01-07 20:25:00,1,0,25.17,47,ON,OFF,0,none,normal,normal,normal,light_occupied_and_dark; hvac_occupied_within_comfort_band
2026-01-07 20:30:00,0,0,25.11,0,OFF,OFF,0,none,normal,normal,normal,light_unoccupied; hvac_unoccupied
2026-01-07 20:35:00,1,0,25.03,66,ON,OFF,0,none,normal,normal,normal,light_occupied_and_dark; hvac_occupied_within_comfort_band
2026-01-07 20:40:00,0,0,24.73,17,OFF,OFF,0,none,normal,normal,normal,light_unoccupied; hvac_unoccupied
2026-01-07 20:45:00,0,0,24.55,0,OFF,OFF,0,none,normal,normal,normal,light_unoccupied; hvac_unoccupied
2026-01-07 20:50:00,0,0,24.32,0,OFF,OFF,0,none,normal,normal,normal,light_unoccupied; hvac_unoccupied
2026-01-07 20:55:00,0,0,24.16,32,OFF,OFF,0,none,normal,normal,normal,light_unoccupied; hvac_unoccupied
2026-01-07 21:00:00,0,0,24.02,1,OFF,OFF,0,none,normal,normal,normal,light_unoccupied; hvac_unoccupied
2026-01-07 21:05:00,0,0,23.9,35,OFF,OFF,0,none,normal,normal,normal,light_unoccupied; hvac_unoccupied
2026-01-07 21:10:00,0,0,23.78,0,OFF,OFF,0,none,normal,normal,normal,light_unoccupied; hvac_unoccupied
2026-01-07 21:15:00,0,0,23.54,0,OFF,OFF,0,none,normal,normal,normal,light_unoccupied; hvac_unoccupied
2026-01-07 21:20:00,0,0,23.35,7,OFF,OFF,0,none,normal,normal,normal,light_unoccupied; hvac_unoccupied
2026-01-07 21:25:00,0,1,23.3,36,OFF,OFF,0,none,normal,normal,normal,light_unoccupied; hvac_unoccupied
2026-01-07 21:30:00,0,0,23.23,0,OFF,OFF,0,none,normal,normal,normal,light_unoccupied; hvac_unoccupied
2026-01-07 21:35:00,1,0,23.2,52,ON,OFF,0,none,normal,normal,normal,light_occupied_and_dark; hvac_occupied_within_comfort_band
2026-01-07 21:40:00,0,0,22.94,0,OFF,OFF,0,none,normal,normal,normal,light_unoccupied; hvac_unoccupied
2026-01-07 21:45:00,1,1,22.99,45,ON,OFF,0,none,normal,normal,normal,light_occupied_and_dark; hvac_occupied_within_comfort_band
2026-01-07 21:50:00,0,0,22.9,12,OFF,OFF,0,none,normal,normal,normal,light_unoccupied; hvac_unoccupied
2026-01-07 21:55:00,0,0,22.99,0,OFF,OFF,0,none,normal,normal,normal,light_unoccupied; hvac_unoccupied
2026-01-07 22:00:00,0,0,22.82,0,OFF,OFF,0,none,normal,normal,normal,light_unoccupied; hvac_unoccupied
2026-01-07 22:05:00,0,0,22.79,10,OFF,OFF,0,none,normal,normal,normal,light_unoccupied; hvac_unoccupied
2026-01-07 22:10:00,1,0,22.69,79,ON,OFF,0,none,normal,normal,normal,light_occupied_and_dark; hvac_occupied_within_comfort_band
2026-01-07 22:15:00,0,0,22.59,30,OFF,OFF,0,none,normal,normal,normal,light_unoccupied; hvac_unoccupied
2026-01-07 22:20:00,0,0,22.53,0,OFF,OFF,0,none,normal,normal,normal,light_unoccupied; hvac_unoccupied
2026-01-07 22:25:00,0,0,22.33,0,OFF,OFF,0,none,normal,normal,normal,light_unoccupied; hvac_unoccupied
2026-01-07 22:30:00,0,0,22.27,35,OFF,OFF,0,none,normal,normal,normal,light_unoccupied; hvac_unoccupied
2026-01-07 22:35:00,0,0,22.08,6,OFF,OFF,0,none,normal,normal,normal,light_unoccupied; hvac_unoccupied
2026-01-07 22:40:00,0,0,22.05,49,OFF,OFF,0,none,normal,normal,normal,light_unoccupied; hvac_unoccupied
2026-01-07 22:45:00,0,0,21.87,0,OFF,OFF,0,none,normal,normal,normal,light_unoccupied; hvac_unoccupied
2026-01-07 22:50:00,0,0,21.77,22,OFF,OFF,0,none,normal,normal,normal,light_unoccupied; hvac_unoccupied
2026-01-07 22:55:00,0,0,21.58,39,OFF,OFF,0,none,normal,normal,normal,light_unoccupied; hvac_unoccupied
2026-01-07 23:00:00,0,0,21.54,0,OFF,OFF,0,none,normal,normal,normal,light_unoccupied; hvac_unoccupied
2026-01-07 23:05:00,0,0,21.46,0,OFF,OFF,0,none,normal,normal,normal,light_unoccupied; hvac_unoccupied
2026-01-07 23:10:00,0,0,21.41,10,OFF,OFF,0,none,normal,normal,normal,light_unoccupied; hvac_unoccupied
2026-01-07 23:15:00,0,0,21.32,28,OFF,OFF,0,none,normal,normal,normal,light_unoccupied; hvac_unoccupied
2026-01-07 23:20:00,0,0,21.26,9,OFF,OFF,0,none,normal,normal,normal,light_unoccupied; hvac_unoccupied
2026-01-07 23:25:00,0,0,21.18,44,OFF,OFF,0,none,normal,normal,normal,light_unoccupied; hvac_unoccupied
2026-01-07 23:30:00,0,0,21.1,0,OFF,OFF,0,none,normal,normal,normal,light_unoccupied; hvac_unoccupied
2026-01-07 23:35:00,0,0,20.98,0,OFF,OFF,0,none,normal,normal,normal,light_unoccupied; hvac_unoccupied
2026-01-07 23:40:00,0,0,21.06,79,OFF,OFF,0,none,normal,normal,normal,light_unoccupied; hvac_unoccupied
2026-01-07 23:45:00,0,0,21.05,0,OFF,OFF,0,none,normal,normal,normal,light_unoccupied; hvac_unoccupied
2026-01-07 23:50:00,0,0,21.05,0,OFF,OFF,0,none,normal,normal,normal,light_unoccupied; hvac_unoccupied
2026-01-07 23:55:00,0,0,20.92,7,OFF,OFF,0,none,normal,normal,normal,light_unoccupied; hvac_unoccupied
2026-01-08 00:00:00,0,1,20.75,37,OFF,OFF,0,none,normal,normal,normal,light_unoccupied; hvac_unoccupied
2026-01-08 00:05:00,0,0,20.59,0,OFF,OFF,0,none,normal,normal,normal,light_unoccupied; hvac_unoccupied
2026-01-08 00:10:00,0,0,20.49,9,OFF,OFF,0,none,normal,normal,normal,light_unoccupied; hvac_unoccupied
2026-01-08 00:15:00,0,0,20.46,8,OFF,OFF,0,none,normal,normal,normal,light_unoccupied; hvac_unoccupied
2026-01-08 00:20:00,0,0,20.52,16,OFF,OFF,0,none,normal,normal,normal,light_unoccupied; hvac_unoccupied
2026-01-08 00:25:00,0,0,20.49,0,OFF,OFF,0,none,normal,normal,normal,light_unoccupied; hvac_unoccupied
2026-01-08 00:30:00,0,0,20.55,75,OFF,OFF,0,none,normal,normal,normal,light_unoccupied; hvac_unoccupied
2026-01-08 00:35:00,0,0,20.45,4,OFF,OFF,0,none,normal,normal,normal,light_unoccupied; hvac_unoccupied
2026-01-08 00:40:00,0,0,20.41,30,OFF,OFF,0,none,normal,normal,normal,light_unoccupied; hvac_unoccupied
2026-01-08 00:45:00,0,0,20.31,0,OFF,OFF,0,none,normal,normal,normal,light_unoccupied; hvac_unoccupied
2026-01-08 00:50:00,0,0,20.34,0,OFF,OFF,0,none,normal,normal,normal,light_unoccupied; hvac_unoccupied
2026-01-08 00:55:00,0,0,20.24,0,OFF,OFF,0,none,normal,normal,normal,light_unoccupied; hvac_unoccupied
2026-01-08 01:00:00,0,0,20.22,61,OFF,OFF,0,none,normal,normal,normal,light_unoccupied; hvac_unoccupied
2026-01-08 01:05:00,0,0,20.12,0,OFF,OFF,0,none,normal,normal,normal,light_unoccupied; hvac_unoccupied
2026-01-08 01:10:00,0,0,20.15,36,OFF,OFF,0,none,normal,normal,normal,light_unoccupied; hvac_unoccupied
2026-01-08 01:15:00,0,0,20.0,0,OFF,OFF,0,none,normal,normal,normal,light_unoccupied; hvac_unoccupied
2026-01-08 01:20:00,0,0,20.0,0,OFF,OFF,0,none,normal,normal,normal,light_unoccupied; hvac_unoccupied
2026-01-08 01:25:00,0,0,19.87,1,OFF,OFF,0,none,normal,normal,normal,light_unoccupied; hvac_unoccupied
2026-01-08 01:30:00,0,0,19.86,54,OFF,OFF,0,none,normal,normal,normal,light_unoccupied; hvac_unoccupied
2026-01-08 01:35:00,0,0,19.82,0,OFF,OFF,0,none,normal,normal,normal,light_unoccupied; hvac_unoccupied
2026-01-08 01:40:00,0,0,19.77,0,OFF,OFF,0,none,normal,normal,normal,light_unoccupied; hvac_unoccupied
2026-01-08 01:45:00,0,0,19.63,0,OFF,OFF,0,none,normal,normal,normal,light_unoccupied; hvac_unoccupied
2026-01-08 01:50:00,0,0,19.41,0,OFF,OFF,0,none,normal,normal,normal,light_unoccupied; hvac_unoccupied
2026-01-08 01:55:00,0,0,19.46,0,OFF,OFF,0,none,normal,normal,normal,light_unoccupied; hvac_unoccupied
2026-01-08 02:00:00,0,0,19.63,0,OFF,OFF,0,none,normal,normal,normal,light_unoccupied; hvac_unoccupied
2026-01-08 02:05:00,0,0,19.86,0,OFF,OFF,0,none,normal,normal,normal,light_unoccupied; hvac_unoccupied
2026-01-08 02:10:00,0,0,19.77,0,OFF,OFF,0,none,normal,normal,normal,light_unoccupied; hvac_unoccupied
2026-01-08 02:15:00,0,0,19.62,0,OFF,OFF,0,none,normal,normal,normal,light_unoccupied; hvac_unoccupied
2026-01-08 02:20:00,0,0,19.49,52,OFF,OFF,0,none,normal,normal,normal,light_unoccupied; hvac_unoccupied
2026-01-08 02:25:00,0,0,19.48,24,OFF,OFF,0,none,normal,normal,normal,light_unoccupied; hvac_unoccupied
2026-01-08 02:30:00,0,0,19.48,16,OFF,OFF,0,none,normal,normal,normal,light_unoccupied; hvac_unoccupied
2026-01-08 02:35:00,0,0,19.57,0,OFF,OFF,0,none,normal,normal,normal,light_unoccupied; hvac_unoccupied
2026-01-08 02:40:00,0,0,19.67,0,OFF,OFF,0,none,normal,normal,normal,light_unoccupied; hvac_unoccupied
2026-01-08 02:45:00,0,0,19.73,0,OFF,OFF,0,none,normal,normal,normal,light_unoccupied; hvac_unoccupied
2026-01-08 02:50:00,0,0,19.64,8,OFF,OFF,0,none,normal,normal,normal,light_unoccupied; hvac_unoccupied
2026-01-08 02:55:00,0,0,19.46,40,OFF,OFF,0,none,normal,normal,normal,light_unoccupied; hvac_unoccupied
2026-01-08 03:00:00,0,0,19.51,41,OFF,OFF,0,none,normal,normal,normal,light_unoccupied; hvac_unoccupied
2026-01-08 03:05:00,0,0,19.52,32,OFF,OFF,0,none,normal,normal,normal,light_unoccupied; hvac_unoccupied
2026-01-08 03:10:00,0,0,19.57,0,OFF,OFF,0,none,normal,normal,normal,light_unoccupied; hvac_unoccupied
2026-01-08 03:15:00,0,0,19.52,10,OFF,OFF,0,none,normal,normal,normal,light_unoccupied; hvac_unoccupied
2026-01-08 03:20:00,0,0,19.49,0,OFF,OFF,0,none,normal,normal,normal,light_unoccupied; hvac_unoccupied
2026-01-08 03:25:00,0,0,19.52,2,OFF,OFF,0,none,normal,normal,normal,light_unoccupied; hvac_unoccupied
2026-01-08 03:30:00,0,0,19.43,81,OFF,OFF,0,none,normal,normal,normal,light_unoccupied; hvac_unoccupied
2026-01-08 03:35:00,0,0,19.52,0,OFF,OFF,0,none,normal,normal,normal,light_unoccupied; hvac_unoccupied
2026-01-08 03:40:00,0,0,19.52,1,OFF,OFF,0,none,normal,normal,normal,light_unoccupied; hvac_unoccupied
2026-01-08 03:45:00,0,0,19.67,52,OFF,OFF,0,none,normal,normal,normal,light_unoccupied; hvac_unoccupied
2026-01-08 03:50:00,0,0,19.62,0,OFF,OFF,0,none,normal,normal,normal,light_unoccupied; hvac_unoccupied
2026-01-08 03:55:00,0,0,19.64,0,OFF,OFF,0,none,normal,normal,normal,light_unoccupied; hvac_unoccupied
2026-01-08 04:00:00,0,0,19.54,0,OFF,OFF,0,none,normal,normal,normal,light_unoccupied; hvac_unoccupied
2026-01-08 04:05:00,0,0,19.61,2,OFF,OFF,0,none,normal,normal,normal,light_unoccupied; hvac_unoccupied
2026-01-08 04:10:00,0,0,19.59,0,OFF,OFF,0,none,normal,normal,normal,light_unoccupied; hvac_unoccupied
2026-01-08 04:15:00,0,0,19.66,30,OFF,OFF,0,none,normal,normal,normal,light_unoccupied; hvac_unoccupied
2026-01-08 04:20:00,0,0,19.64,33,OFF,OFF,0,none,normal,normal,normal,light_unoccupied; hvac_unoccupied
2026-01-08 04:25:00,0,0,19.72,27,OFF,OFF,0,none,normal,normal,normal,light_unoccupied; hvac_unoccupied
2026-01-08 04:30:00,0,0,19.69,0,OFF,OFF,0,none,normal,normal,normal,light_unoccupied; hvac_unoccupied
2026-01-08 04:35:00,0,0,19.71,13,OFF,OFF,0,none,normal,normal,normal,light_unoccupied; hvac_unoccupied
2026-01-08 04:40:00,0,0,19.78,0,OFF,OFF,0,none,normal,normal,normal,light_unoccupied; hvac_unoccupied
2026-01-08 04:45:00,0,0,19.88,0,OFF,OFF,0,none,normal,normal,normal,light_unoccupied; hvac_unoccupied
2026-01-08 04:50:00,0,0,19.92,85,OFF,OFF,0,none,normal,normal,normal,light_unoccupied; hvac_unoccupied
2026-01-08 04:55:00,0,0,19.93,13,OFF,OFF,0,none,normal,normal,normal,light_unoccupied; hvac_unoccupied
2026-01-08 05:00:00,0,0,19.98,0,OFF,OFF,0,none,normal,normal,normal,light_unoccupied; hvac_unoccupied
2026-01-08 05:05:00,0,0,19.99,16,OFF,OFF,0,none,normal,normal,normal,light_unoccupied; hvac_unoccupied
2026-01-08 05:10:00,0,0,20.02,0,OFF,OFF,0,none,normal,normal,normal,light_unoccupied; hvac_unoccupied
2026-01-08 05:15:00,0,0,20.12,0,OFF,OFF,0,none,normal,normal,normal,light_unoccupied; hvac_unoccupied
2026-01-08 05:20:00,0,0,20.17,0,OFF,OFF,0,none,normal,normal,normal,light_unoccupied; hvac_unoccupied
2026-01-08 05:25:00,0,0,20.2,0,OFF,OFF,0,none,normal,normal,normal,light_unoccupied; hvac_unoccupied
2026-01-08 05:30:00,0,0,20.13,42,OFF,OFF,0,none,normal,normal,normal,light_unoccupied; hvac_unoccupied
2026-01-08 05:35:00,0,0,20.29,30,OFF,OFF,0,none,normal,normal,normal,light_unoccupied; hvac_unoccupied
2026-01-08 05:40:00,0,0,20.35,28,OFF,OFF,0,none,normal,normal,normal,light_unoccupied; hvac_unoccupied
2026-01-08 05:45:00,0,0,20.44,0,OFF,OFF,0,none,normal,normal,normal,light_unoccupied; hvac_unoccupied
2026-01-08 05:50:00,0,0,20.45,0,OFF,OFF,0,none,normal,normal,normal,light_unoccupied; hvac_unoccupied
2026-01-08 05:55:00,0,0,20.45,19,OFF,OFF,0,none,normal,normal,normal,light_unoccupied; hvac_unoccupied
2026-01-08 06:00:00,0,0,20.5,0,OFF,OFF,0,none,normal,normal,normal,light_unoccupied; hvac_unoccupied
2026-01-08 06:05:00,0,0,20.49,15,OFF,OFF,0,none,normal,normal,normal,light_unoccupied; hvac_unoccupied
2026-01-08 06:10:00,0,0,20.56,55,OFF,OFF,0,none,normal,normal,normal,light_unoccupied; hvac_unoccupied
2026-01-08 06:15:00,0,0,20.74,42,OFF,OFF,0,none,normal,normal,normal,light_unoccupied; hvac_unoccupied
2026-01-08 06:20:00,0,0,20.84,77,OFF,OFF,0,none,normal,normal,normal,light_unoccupied; hvac_unoccupied
2026-01-08 06:25:00,0,0,20.98,139,OFF,OFF,0,none,normal,normal,normal,light_unoccupied; hvac_unoccupied
2026-01-08 06:30:00,0,0,20.94,92,OFF,OFF,0,none,normal,normal,normal,light_unoccupied; hvac_unoccupied
2026-01-08 06:35:00,0,0,21.08,154,OFF,OFF,0,none,normal,normal,normal,light_unoccupied; hvac_unoccupied
2026-01-08 06:40:00,0,0,21.08,147,OFF,OFF,0,none,normal,normal,normal,light_unoccupied; hvac_unoccupied
2026-01-08 06:45:00,0,0,21.19,91,OFF,OFF,0,none,normal,normal,normal,light_unoccupied; hvac_unoccupied
2026-01-08 06:50:00,0,0,21.23,118,OFF,OFF,0,none,normal,normal,normal,light_unoccupied; hvac_unoccupied
2026-01-08 06:55:00,0,0,21.47,142,OFF,OFF,0,none,normal,normal,normal,light_unoccupied; hvac_unoccupied
2026-01-08 07:00:00,0,0,21.58,156,OFF,OFF,0,none,normal,normal,normal,light_unoccupied; hvac_unoccupied
2026-01-08 07:05:00,0,0,21.62,197,OFF,OFF,0,none,normal,normal,normal,light_unoccupied; hvac_unoccupied
2026-01-08 07:10:00,0,0,21.61,235,OFF,OFF,0,none,normal,normal,normal,light_unoccupied; hvac_unoccupied
2026-01-08 07:15:00,0,0,21.76,272,OFF,OFF,0,none,normal,normal,normal,light_unoccupied; hvac_unoccupied
2026-01-08 07:20:00,0,0,21.79,253,OFF,OFF,0,none,normal,normal,normal,light_unoccupied; hvac_unoccupied
2026-01-08 07:25:00,0,0,21.79,240,OFF,OFF,0,none,normal,normal,normal,light_unoccupied; hvac_unoccupied
2026-01-08 07:30:00,0,0,21.75,197,OFF,OFF,0,none,normal,normal,normal,light_unoccupied; hvac_unoccupied
2026-01-08 07:35:00,0,1,21.94,311,OFF,OFF,0,none,normal,normal,normal,light_unoccupied; hvac_unoccupied
2026-01-08 07:40:00,0,1,22.13,323,OFF,OFF,0,none,normal,normal,normal,light_unoccupied; hvac_unoccupied
2026-01-08 07:45:00,0,0,22.24,317,OFF,OFF,0,none,normal,normal,normal,light_unoccupied; hvac_unoccupied
2026-01-08 07:50:00,0,0,22.45,397,OFF,OFF,0,none,normal,normal,normal,light_unoccupied; hvac_unoccupied
2026-01-08 07:55:00,1,0,22.48,380,OFF,OFF,0,none,normal,normal,normal,light_occupied_but_bright; hvac_occupied_within_comfort_band
2026-01-08 08:00:00,1,1,22.66,402,OFF,OFF,0,none,normal,normal,normal,light_occupied_but_bright; hvac_occupied_within_comfort_band
2026-01-08 08:05:00,1,1,22.81,354,OFF,OFF,0,none,normal,normal,normal,light_occupied_but_bright; hvac_occupied_within_comfort_band
2026-01-08 08:10:00,1,1,23.09,382,OFF,OFF,0,none,normal,normal,normal,light_occupied_but_bright; hvac_occupied_within_comfort_band
2026-01-08 08:15:00,1,1,23.26,409,OFF,OFF,0,none,normal,normal,normal,light_occupied_but_bright; hvac_occupied_within_comfort_band
2026-01-08 08:20:00,1,1,23.35,397,OFF,OFF,0,none,normal,normal,normal,light_occupied_but_bright; hvac_occupied_within_comfort_band
2026-01-08 08:25:00,1,1,23.55,454,OFF,OFF,0,none,normal,normal,normal,light_occupied_but_bright; hvac_occupied_within_comfort_band
2026-01-08 08:30:00,1,0,23.73,436,OFF,OFF,0,none,normal,normal,normal,light_occupied_but_bright; hvac_occupied_within_comfort_band
2026-01-08 08:35:00,1,1,23.94,422,OFF,OFF,0,none,normal,normal,normal,light_occupied_but_bright; hvac_occupied_within_comfort_band
2026-01-08 08:40:00,1,1,23.97,513,OFF,OFF,0,none,normal,normal,normal,light_occupied_but_bright; hvac_occupied_within_comfort_band
2026-01-08 08:45:00,1,1,24.17,486,OFF,OFF,0,none,normal,normal,normal,light_occupied_but_bright; hvac_occupied_within_comfort_band
2026-01-08 08:50:00,1,1,24.34,433,OFF,OFF,0,none,normal,normal,normal,light_occupied_but_bright; hvac_occupied_within_comfort_band
2026-01-08 08:55:00,1,1,24.63,503,OFF,OFF,0,none,normal,normal,normal,light_occupied_but_bright; hvac_occupied_within_comfort_band
2026-01-08 09:00:00,1,1,24.83,525,OFF,OFF,0,none,normal,normal,normal,light_occupied_but_bright; hvac_occupied_within_comfort_band
2026-01-08 09:05:00,1,0,24.89,535,OFF,OFF,0,none,normal,normal,normal,light_occupied_but_bright; hvac_occupied_within_comfort_band
2026-01-08 09:10:00,1,1,24.89,524,OFF,OFF,0,none,normal,normal,normal,light_occupied_but_bright; hvac_occupied_within_comfort_band
2026-01-08 09:15:00,1,1,24.84,575,OFF,OFF,0,none,normal,normal,normal,light_occupied_but_bright; hvac_occupied_within_comfort_band
2026-01-08 09:20:00,1,1,24.94,562,OFF,OFF,0,none,normal,normal,normal,light_occupied_but_bright; hvac_occupied_within_comfort_band
2026-01-08 09:25:00,1,1,25.06,519,OFF,OFF,0,none,normal,normal,normal,light_occupied_but_bright; hvac_occupied_within_comfort_band
2026-01-08 09:30:00,1,1,25.17,524,OFF,OFF,0,none,normal,normal,normal,light_occupied_but_bright; hvac_occupied_within_comfort_band
2026-01-08 09:35:00,1,1,25.21,622,OFF,OFF,0,none,normal,normal,normal,light_occupied_but_bright; hvac_occupied_within_comfort_band
2026-01-08 09:40:00,1,1,25.31,633,OFF,OFF,0,none,normal,normal,normal,light_occupied_but_bright; hvac_occupied_within_comfort_band
2026-01-08 09:45:00,1,1,25.46,611,OFF,OFF,0,none,normal,normal,normal,light_occupied_but_bright; hvac_occupied_within_comfort_band
2026-01-08 09:50:00,1,1,25.65,660,OFF,OFF,0,none,normal,normal,normal,light_occupied_but_bright; hvac_occupied_within_comfort_band
2026-01-08 09:55:00,1,1,25.83,653,OFF,OFF,0,none,normal,normal,normal,light_occupied_but_bright; hvac_occupied_within_comfort_band
2026-01-08 10:00:00,1,1,25.99,647,OFF,OFF,0,none,normal,normal,normal,light_occupied_but_bright; hvac_occupied_within_comfort_band
2026-01-08 10:05:00,1,1,26.15,599,OFF,COOLING,0,none,normal,normal,normal,light_occupied_but_bright; hvac_occupied_and_hot
2026-01-08 10:10:00,1,1,26.28,698,OFF,COOLING,0,none,normal,normal,normal,light_occupied_but_bright; hvac_occupied_and_hot
2026-01-08 10:15:00,1,1,26.35,663,OFF,COOLING,0,none,normal,normal,normal,light_occupied_but_bright; hvac_occupied_and_hot
2026-01-08 10:20:00,1,1,26.48,637,OFF,COOLING,0,none,normal,normal,normal,light_occupied_but_bright; hvac_occupied_and_hot
2026-01-08 10:25:00,1,1,26.58,634,OFF,COOLING,0,none,normal,normal,normal,light_occupied_but_bright; hvac_occupied_and_hot
2026-01-08 10:30:00,1,1,26.68,672,OFF,COOLING,0,none,normal,normal,normal,light_occupied_but_bright; hvac_occupied_and_hot
2026-01-08 10:35:00,1,0,26.66,585,OFF,COOLING,0,none,normal,normal,normal,light_occupied_but_bright; hvac_occupied_and_hot
2026-01-08 10:40:00,1,1,26.6,698,OFF,COOLING,0,none,normal,normal,normal,light_occupied_but_bright; hvac_occupied_and_hot
2026-01-08 10:45:00,1,1,26.59,645,OFF,COOLING,0,none,normal,normal,normal,light_occupied_but_bright; hvac_occupied_and_hot
2026-01-08 10:50:00,1,1,26.61,696,OFF,COOLING,0,none,normal,normal,normal,light_occupied_but_bright; hvac_occupied_and_hot
2026-01-08 10:55:00,1,1,26.73,669,OFF,COOLING,0,none,normal,normal,normal,light_occupied_but_bright; hvac_occupied_and_hot
2026-01-08 11:00:00,1,1,26.78,682,OFF,COOLING,0,none,normal,normal,normal,light_occupied_but_bright; hvac_occupied_and_hot
2026-01-08 11:05:00,1,1,26.86,669,OFF,COOLING,0,none,normal,normal,normal,light_occupied_but_bright; hvac_occupied_and_hot
2026-01-08 11:10:00,1,1,26.79,693,OFF,COOLING,0,none,normal,normal,normal,light_occupied_but_bright; hvac_occupied_and_hot
2026-01-08 11:15:00,1,1,26.98,768,OFF,COOLING,0,none,normal,normal,normal,light_occupied_but_bright; hvac_occupied_and_hot
2026-01-08 11:20:00,1,1,27.05,753,OFF,COOLING,0,none,normal,normal,normal,light_occupied_but_bright; hvac_occupied_and_hot
2026-01-08 11:25:00,1,1,27.27,719,OFF,COOLING,0,none,normal,normal,normal,light_occupied_but_bright; hvac_occupied_and_hot
2026-01-08 11:30:00,1,1,27.32,708,OFF,COOLING,0,none,normal,normal,normal,light_occupied_but_bright; hvac_occupied_and_hot
2026-01-08 11:35:00,1,1,27.46,740,OFF,COOLING,0,none,normal,normal,normal,light_occupied_but_bright; hvac_occupied_and_hot
2026-01-08 11:40:00,1,1,27.62,751,OFF,COOLING,0,none,normal,normal,normal,light_occupied_but_bright; hvac_occupied_and_hot
2026-01-08 11:45:00,1,1,27.6,684,OFF,COOLING,0,none,normal,normal,normal,light_occupied_but_bright; hvac_occupied_and_hot
2026-01-08 11:50:00,1,0,27.73,686,OFF,COOLING,0,none,normal,normal,normal,light_occupied_but_bright; hvac_occupied_and_hot
2026-01-08 11:55:00,1,1,27.73,651,OFF,COOLING,0,none,normal,normal,normal,light_occupied_but_bright; hvac_occupied_and_hot
2026-01-08 12:00:00,1,1,27.83,754,OFF,COOLING,0,none,normal,normal,normal,light_occupied_but_bright; hvac_occupied_and_hot
2026-01-08 12:05:00,1,1,27.84,787,OFF,COOLING,0,none,normal,normal,normal,light_occupied_but_bright; hvac_occupied_and_hot
2026-01-08 12:10:00,1,1,27.79,717,OFF,COOLING,0,none,normal,normal,normal,light_occupied_but_bright; hvac_occupied_and_hot
2026-01-08 12:15:00,1,1,27.82,639,OFF,COOLING,0,none,normal,normal,normal,light_occupied_but_bright; hvac_occupied_and_hot
2026-01-08 12:20:00,1,1,27.88,733,OFF,COOLING,0,none,normal,normal,normal,light_occupied_but_bright; hvac_occupied_and_hot
2026-01-08 12:25:00,1,1,27.9,679,OFF,COOLING,0,none,normal,normal,normal,light_occupied_but_bright; hvac_occupied_and_hot
2026-01-08 12:30:00,1,1,28.0,685,OFF,COOLING,0,none,normal,normal,normal,light_occupied_but_bright; hvac_occupied_and_hot
2026-01-08 12:35:00,1,0,27.97,704,OFF,COOLING,0,none,normal,normal,normal,light_occupied_but_bright; hvac_occupied_and_hot
2026-01-08 12:40:00,1,1,28.17,713,OFF,COOLING,0,none,normal,normal,normal,light_occupied_but_bright; hvac_occupied_and_hot
2026-01-08 12:45:00,1,1,28.07,684,OFF,COOLING,0,none,normal,normal,normal,light_occupied_but_bright; hvac_occupied_and_hot
2026-01-08 12:50:00,1,1,28.22,676,OFF,COOLING,0,none,normal,normal,normal,light_occupied_but_bright; hvac_occupied_and_hot
2026-01-08 12:55:00,1,0,28.14,674,OFF,COOLING,0,none,normal,normal,normal,light_occupied_but_bright; hvac_occupied_and_hot
2026-01-08 13:00:00,1,1,28.24,677,OFF,COOLING,0,none,normal,normal,normal,light_occupied_but_bright; hvac_occupied_and_hot
2026-01-08 13:05:00,1,1,28.1,649,OFF,COOLING,0,none,normal,normal,normal,light_occupied_but_bright; hvac_occupied_and_hot
2026-01-08 13:10:00,1,1,28.12,29,ON,COOLING,0,none,normal,normal,normal,light_occupied_and_dark; hvac_occupied_and_hot
2026-01-08 13:15:00,1,1,28.2,690,OFF,COOLING,0,none,normal,normal,normal,light_occupied_but_bright; hvac_occupied_and_hot
2026-01-08 13:20:00,1,1,28.25,667,OFF,COOLING,0,none,normal,normal,normal,light_occupied_but_bright; hvac_occupied_and_hot
2026-01-08 13:25:00,1,1,28.38,619,OFF,COOLING,0,none,normal,normal,normal,light_occupied_but_bright; hvac_occupied_and_hot
2026-01-08 13:30:00,1,1,28.36,697,OFF,COOLING,0,none,normal,normal,normal,light_occupied_but_bright; hvac_occupied_and_hot
2026-01-08 13:35:00,1,1,28.43,561,OFF,COOLING,0,none,normal,normal,normal,light_occupied_but_bright; hvac_occupied_and_hot
2026-01-08 13:40:00,1,1,28.44,635,OFF,COOLING,0,none,normal,normal,normal,light_occupied_but_bright; hvac_occupied_and_hot
2026-01-08 13:45:00,1,1,28.56,623,OFF,COOLING,0,none,normal,normal,normal,light_occupied_but_bright; hvac_occupied_and_hot
2026-01-08 13:50:00,1,1,28.64,643,OFF,COOLING,0,none,normal,normal,normal,light_occupied_but_bright; hvac_occupied_and_hot
2026-01-08 13:55:00,1,1,28.74,650,OFF,COOLING,0,none,normal,normal,normal,light_occupied_but_bright; hvac_occupied_and_hot
2026-01-08 14:00:00,1,1,28.82,663,OFF,COOLING,0,none,normal,normal,normal,light_occupied_but_bright; hvac_occupied_and_hot
2026-01-08 14:05:00,1,1,28.95,591,OFF,COOLING,0,none,normal,normal,normal,light_occupied_but_bright; hvac_occupied_and_hot
2026-01-08 14:10:00,1,1,28.96,629,OFF,COOLING,0,none,normal,normal,normal,light_occupied_but_bright; hvac_occupied_and_hot
2026-01-08 14:15:00,1,1,28.89,607,OFF,COOLING,0,none,normal,normal,normal,light_occupied_but_bright; hvac_occupied_and_hot
2026-01-08 14:20:00,1,1,28.86,532,OFF,COOLING,0,none,normal,normal,normal,light_occupied_but_bright; hvac_occupied_and_hot
2026-01-08 14:25:00,1,1,28.91,649,OFF,COOLING,0,none,normal,normal,normal,light_occupied_but_bright; hvac_occupied_and_hot
2026-01-08 14:30:00,1,1,28.91,524,OFF,COOLING,0,none,normal,normal,normal,light_occupied_but_bright; hvac_occupied_and_hot
2026-01-08 14:35:00,1,1,28.87,580,OFF,COOLING,0,none,normal,normal,normal,light_occupied_but_bright; hvac_occupied_and_hot
2026-01-08 14:40:00,1,1,28.82,569,OFF,COOLING,0,none,normal,normal,normal,light_occupied_but_bright; hvac_occupied_and_hot
2026-01-08 14:45:00,1,1,28.89,555,OFF,COOLING,0,none,normal,normal,normal,light_occupied_but_bright; hvac_occupied_and_hot
2026-01-08 14:50:00,1,1,28.91,519,OFF,COOLING,0,none,normal,normal,normal,light_occupied_but_bright; hvac_occupied_and_hot
2026-01-08 14:55:00,1,1,28.98,555,OFF,COOLING,0,none,normal,normal,normal,light_occupied_but_bright; hvac_occupied_and_hot
2026-01-08 15:00:00,1,1,28.92,461,OFF,COOLING,0,none,normal,normal,normal,light_occupied_but_bright; hvac_occupied_and_hot
2026-01-08 15:05:00,1,1,28.88,502,OFF,COOLING,0,none,normal,normal,normal,light_occupied_but_bright; hvac_occupied_and_hot
2026-01-08 15:10:00,1,1,28.82,474,OFF,COOLING,0,none,normal,normal,normal,light_occupied_but_bright; hvac_occupied_and_hot
2026-01-08 15:15:00,1,1,28.89,459,OFF,COOLING,0,none,normal,normal,normal,light_occupied_but_bright; hvac_occupied_and_hot
2026-01-08 15:20:00,1,1,28.89,487,OFF,COOLING,0,none,normal,normal,normal,light_occupied_but_bright; hvac_occupied_and_hot
2026-01-08 15:25:00,1,1,28.87,498,OFF,COOLING,0,none,normal,normal,normal,light_occupied_but_bright; hvac_occupied_and_hot
2026-01-08 15:30:00,1,1,28.85,436,OFF,COOLING,0,none,normal,normal,normal,light_occupied_but_bright; hvac_occupied_and_hot
2026-01-08 15:35:00,1,1,28.9,464,OFF,COOLING,0,none,normal,normal,normal,light_occupied_but_bright; hvac_occupied_and_hot
2026-01-08 15:40:00,1,1,28.92,426,OFF,COOLING,0,none,normal,normal,normal,light_occupied_but_bright; hvac_occupied_and_hot
2026-01-08 15:45:00,1,0,28.85,356,OFF,COOLING,0,none,normal,normal,normal,light_occupied_but_bright; hvac_occupied_and_hot
2026-01-08 15:50:00,1,1,28.89,391,OFF,COOLING,0,none,normal,normal,normal,light_occupied_but_bright; hvac_occupied_and_hot
2026-01-08 15:55:00,1,1,28.84,377,OFF,COOLING,0,none,normal,normal,normal,light_occupied_but_bright; hvac_occupied_and_hot
2026-01-08 16:00:00,1,1,28.82,350,OFF,COOLING,0,none,normal,normal,normal,light_occupied_but_bright; hvac_occupied_and_hot
2026-01-08 16:05:00,1,1,28.73,377,OFF,COOLING,0,none,normal,normal,normal,light_occupied_but_bright; hvac_occupied_and_hot
2026-01-08 16:10:00,1,0,28.64,332,OFF,COOLING,0,none,normal,normal,normal,light_occupied_but_bright; hvac_occupied_and_hot
2026-01-08 16:15:00,1,1,28.68,280,ON,COOLING,0,none,normal,normal,normal,light_occupied_and_dark; hvac_occupied_and_hot
2026-01-08 16:20:00,1,1,28.57,264,ON,COOLING,0,none,normal,normal,normal,light_occupied_and_dark; hvac_occupied_and_hot
2026-01-08 16:25:00,1,1,28.58,323,OFF,COOLING,0,none,normal,normal,normal,light_occupied_but_bright; hvac_occupied_and_hot
2026-01-08 16:30:00,1,1,28.49,266,ON,COOLING,0,none,normal,normal,normal,light_occupied_and_dark; hvac_occupied_and_hot
2026-01-08 16:35:00,1,1,28.56,292,ON,COOLING,0,none,normal,normal,normal,light_occupied_and_dark; hvac_occupied_and_hot
2026-01-08 16:40:00,1,1,28.55,294,ON,COOLING,0,none,normal,normal,normal,light_occupied_and_dark; hvac_occupied_and_hot
2026-01-08 16:45:00,1,1,28.57,209,ON,COOLING,0,none,normal,normal,normal,light_occupied_and_dark; hvac_occupied_and_hot
2026-01-08 16:50:00,1,1,28.48,190,ON,COOLING,0,none,normal,normal,normal,light_occupied_and_dark; hvac_occupied_and_hot
2026-01-08 16:55:00,1,1,28.44,283,ON,COOLING,0,none,normal,normal,normal,light_occupied_and_dark; hvac_occupied_and_hot
2026-01-08 17:00:00,1,1,28.38,223,ON,COOLING,0,none,normal,normal,normal,light_occupied_and_dark; hvac_occupied_and_hot
2026-01-08 17:05:00,1,1,28.44,181,ON,COOLING,0,none,normal,normal,normal,light_occupied_and_dark; hvac_occupied_and_hot
2026-01-08 17:10:00,1,1,28.41,149,ON,COOLING,0,none,normal,normal,normal,light_occupied_and_dark; hvac_occupied_and_hot
2026-01-08 17:15:00,1,1,28.4,149,ON,COOLING,0,none,normal,normal,normal,light_occupied_and_dark; hvac_occupied_and_hot
2026-01-08 17:20:00,1,1,28.29,20,ON,COOLING,0,none,normal,normal,normal,light_occupied_and_dark; hvac_occupied_and_hot
2026-01-08 17:25:00,1,1,28.17,169,ON,COOLING,0,none,normal,normal,normal,light_occupied_and_dark; hvac_occupied_and_hot
2026-01-08 17:30:00,1,1,28.17,96,ON,COOLING,0,none,normal,normal,normal,light_occupied_and_dark; hvac_occupied_and_hot
2026-01-08 17:35:00,1,0,28.06,122,ON,COOLING,0,none,normal,normal,normal,light_occupied_and_dark; hvac_occupied_and_hot
2026-01-08 17:40:00,1,0,28.04,55,ON,COOLING,0,none,normal,normal,normal,light_occupied_and_dark; hvac_occupied_and_hot
2026-01-08 17:45:00,1,0,27.76,17,ON,COOLING,0,none,normal,normal,normal,light_occupied_and_dark; hvac_occupied_and_hot
2026-01-08 17:50:00,1,1,27.67,49,ON,COOLING,0,none,normal,normal,normal,light_occupied_and_dark; hvac_occupied_and_hot
2026-01-08 17:55:00,1,1,27.57,0,ON,COOLING,0,none,normal,normal,normal,light_occupied_and_dark; hvac_occupied_and_hot
2026-01-08 18:00:00,1,1,27.47,30,ON,COOLING,0,none,normal,normal,normal,light_occupied_and_dark; hvac_occupied_and_hot
2026-01-08 18:05:00,1,1,27.5,29,ON,COOLING,0,none,normal,normal,normal,light_occupied_and_dark; hvac_occupied_and_hot
2026-01-08 18:10:00,1,1,39.79,63,ON,COOLING,1,rolling_zscore,normal,normal,normal,light_occupied_and_dark; hvac_occupied_and_hot
2026-01-08 18:15:00,1,1,27.41,0,ON,COOLING,0,none,normal,normal,normal,light_occupied_and_dark; hvac_occupied_and_hot
2026-01-08 18:20:00,1,1,27.28,75,ON,COOLING,0,none,normal,normal,normal,light_occupied_and_dark; hvac_occupied_and_hot
2026-01-08 18:25:00,1,1,27.27,63,ON,COOLING,0,none,normal,normal,normal,light_occupied_and_dark; hvac_occupied_and_hot
2026-01-08 18:30:00,1,1,27.21,78,ON,COOLING,0,none,normal,normal,normal,light_occupied_and_dark; hvac_occupied_and_hot
2026-01-08 18:35:00,1,1,27.2,33,ON,COOLING,0,none,normal,normal,normal,light_occupied_and_dark; hvac_occupied_and_hot
2026-01-08 18:40:00,1,1,27.2,70,ON,COOLING,0,none,normal,normal,normal,light_occupied_and_dark; hvac_occupied_and_hot
2026-01-08 18:45:00,1,1,27.33,0,ON,COOLING,0,none,normal,normal,normal,light_occupied_and_dark; hvac_occupied_and_hot
2026-01-08 18:50:00,1,1,27.32,59,ON,COOLING,0,none,normal,normal,normal,light_occupied_and_dark; hvac_occupied_and_hot
2026-01-08 18:55:00,1,0,27.32,0,ON,COOLING,0,none,normal,normal,normal,light_occupied_and_dark; hvac_occupied_and_hot
2026-01-08 19:00:00,1,1,27.16,0,ON,COOLING,0,none,normal,normal,normal,light_occupied_and_dark; hvac_occupied_and_hot
2026-01-08 19:05:00,0,1,26.93,0,OFF,OFF,0,none,normal,normal,normal,light_unoccupied; hvac_unoccupied
2026-01-08 19:10:00,0,1,26.88,35,OFF,OFF,0,none,normal,normal,normal,light_unoccupied; hvac_unoccupied
2026-01-08 19:15:00,0,0,26.69,0,OFF,OFF,0,none,normal,normal,normal,light_unoccupied; hvac_unoccupied
2026-01-08 19:20:00,0,0,26.7,23,OFF,OFF,0,none,normal,normal,normal,light_unoccupied; hvac_unoccupied
2026-01-08 19:25:00,0,1,26.4,0,OFF,OFF,0,none,normal,normal,normal,light_unoccupied; hvac_unoccupied
2026-01-08 19:30:00,0,1,26.36,0,OFF,OFF,0,none,normal,normal,normal,light_unoccupied; hvac_unoccupied
2026-01-08 19:35:00,1,1,26.18,83,ON,COOLING,0,none,normal,normal,normal,light_occupied_and_dark; hvac_occupied_and_hot
2026-01-08 19:40:00,1,1,26.12,66,ON,COOLING,0,none,normal,normal,normal,light_occupied_and_dark; hvac_occupied_and_hot
2026-01-08 19:45:00,0,0,25.94,0,OFF,OFF,0,none,normal,normal,normal,light_unoccupied; hvac_unoccupied
2026-01-08 19:50:00,0,1,25.92,34,OFF,OFF,0,none,normal,normal,normal,light_unoccupied; hvac_unoccupied
2026-01-08 19:55:00,1,1,25.83,70,ON,OFF,0,none,normal,normal,normal,light_occupied_and_dark; hvac_occupied_within_comfort_band
2026-01-08 20:00:00,1,1,25.85,49,ON,OFF,0,none,normal,normal,normal,light_occupied_and_dark; hvac_occupied_within_comfort_band
2026-01-08 20:05:00,0,1,25.62,40,OFF,OFF,0,none,normal,normal,normal,light_unoccupied; hvac_unoccupied
2026-01-08 20:10:00,1,0,25.47,48,ON,OFF,0,none,normal,normal,normal,light_occupied_and_dark; hvac_occupied_within_comfort_band
2026-01-08 20:15:00,0,0,25.32,0,OFF,OFF,0,none,normal,normal,normal,light_unoccupied; hvac_unoccupied
2026-01-08 20:20:00,0,1,25.35,36,OFF,OFF,0,none,normal,normal,normal,light_unoccupied; hvac_unoccupied
2026-01-08 20:25:00,0,1,25.36,34,OFF,OFF,0,none,normal,normal,normal,light_unoccupied; hvac_unoccupied
2026-01-08 20:30:00,0,0,25.23,0,OFF,OFF,0,none,normal,normal,normal,light_unoccupied; hvac_unoccupied
2026-01-08 20:35:00,0,0,25.05,0,OFF,OFF,0,none,normal,normal,normal,light_unoccupied; hvac_unoccupied
2026-01-08 20:40:00,0,0,24.85,12,OFF,OFF,0,none,normal,normal,normal,light_unoccupied; hvac_unoccupied
2026-01-08 20:45:00,0,0,24.59,11,OFF,OFF,0,none,normal,normal,normal,light_unoccupied; hvac_unoccupied
2026-01-08 20:50:00,0,1,24.49,0,OFF,OFF,0,none,normal,normal,normal,light_unoccupied; hvac_unoccupied
2026-01-08 20:55:00,0,0,24.28,38,OFF,OFF,0,none,normal,normal,normal,light_unoccupied; hvac_unoccupied
2026-01-08 21:00:00,0,0,24.18,0,OFF,OFF,0,none,normal,normal,normal,light_unoccupied; hvac_unoccupied
2026-01-08 21:05:00,0,0,23.95,2,OFF,OFF,0,none,normal,normal,normal,light_unoccupied; hvac_unoccupied
2026-01-08 21:10:00,0,0,23.86,0,OFF,OFF,0,none,normal,normal,normal,light_unoccupied; hvac_unoccupied
2026-01-08 21:15:00,0,0,23.83,22,OFF,OFF,0,none,normal,normal,normal,light_unoccupied; hvac_unoccupied
2026-01-08 21:20:00,0,0,23.68,0,OFF,OFF,0,none,normal,normal,normal,light_unoccupied; hvac_unoccupied
2026-01-08 21:25:00,0,0,23.49,41,OFF,OFF,0,none,normal,normal,normal,light_unoccupied; hvac_unoccupied
2026-01-08 21:30:00,0,0,23.31,0,OFF,OFF,0,none,normal,normal,normal,light_unoccupied; hvac_unoccupied
2026-01-08 21:35:00,1,0,23.19,52,ON,OFF,0,none,normal,normal,normal,light_occupied_and_dark; hvac_occupied_within_comfort_band
2026-01-08 21:40:00,0,0,23.02,0,OFF,OFF,0,none,normal,normal,normal,light_unoccupied; hvac_unoccupied
2026-01-08 21:45:00,0,1,22.9,33,OFF,OFF,0,none,normal,normal,normal,light_unoccupied; hvac_unoccupied
2026-01-08 21:50:00,1,1,22.9,101,ON,OFF,0,none,normal,normal,normal,light_occupied_and_dark; hvac_occupied_within_comfort_band
2026-01-08 21:55:00,0,0,22.89,0,OFF,OFF,0,none,normal,normal,normal,light_unoccupied; hvac_unoccupied
2026-01-08 22:00:00,1,0,22.79,53,ON,OFF,0,none,normal,normal,normal,light_occupied_and_dark; hvac_occupied_within_comfort_band
2026-01-08 22:05:00,0,0,22.58,11,OFF,OFF,0,none,normal,normal,normal,light_unoccupied; hvac_unoccupied
2026-01-08 22:10:00,0,0,22.54,24,OFF,OFF,0,none,normal,normal,normal,light_unoccupied; hvac_unoccupied
2026-01-08 22:15:00,0,1,22.52,37,OFF,OFF,0,none,normal,normal,normal,light_unoccupied; hvac_unoccupied
2026-01-08 22:20:00,1,1,22.62,64,ON,OFF,0,none,normal,normal,normal,light_occupied_and_dark; hvac_occupied_within_comfort_band
2026-01-08 22:25:00,0,1,22.68,11,OFF,OFF,0,none,normal,normal,normal,light_unoccupied; hvac_unoccupied
2026-01-08 22:30:00,0,0,22.65,0,OFF,OFF,0,none,normal,normal,normal,light_unoccupied; hvac_unoccupied
2026-01-08 22:35:00,0,0,22.59,0,OFF,OFF,0,none,normal,normal,normal,light_unoccupied; hvac_unoccupied
2026-01-08 22:40:00,0,0,22.44,13,OFF,OFF,0,none,normal,normal,normal,light_unoccupied; hvac_unoccupied
2026-01-08 22:45:00,0,0,22.4,2,OFF,OFF,0,none,normal,normal,normal,light_unoccupied; hvac_unoccupied
2026-01-08 22:50:00,0,0,22.3,34,OFF,OFF,0,none,normal,normal,normal,light_unoccupied; hvac_unoccupied
2026-01-08 22:55:00,0,0,22.08,55,OFF,OFF,0,none,normal,normal,normal,light_unoccupied; hvac_unoccupied
2026-01-08 23:00:00,0,0,21.98,0,OFF,OFF,0,none,normal,normal,normal,light_unoccupied; hvac_unoccupied
2026-01-08 23:05:00,0,0,21.89,0,OFF,OFF,0,none,normal,normal,normal,light_unoccupied; hvac_unoccupied
2026-01-08 23:10:00,0,0,21.87,0,OFF,OFF,0,none,normal,normal,normal,light_unoccupied; hvac_unoccupied
2026-01-08 23:15:00,0,0,21.72,81,OFF,OFF,0,none,normal,normal,normal,light_unoccupied; hvac_unoccupied
2026-01-08 23:20:00,0,0,21.53,20,OFF,OFF,0,none,normal,normal,normal,light_unoccupied; hvac_unoccupied
2026-01-08 23:25:00,0,0,21.36,26,OFF,OFF,0,none,normal,normal,normal,light_unoccupied; hvac_unoccupied
2026-01-08 23:30:00,0,0,8.29,0,OFF,OFF,1,rolling_zscore,normal,normal,normal,light_unoccupied; hvac_unoccupied
2026-01-08 23:35:00,0,0,21.14,9,OFF,OFF,0,none,normal,normal,normal,light_unoccupied; hvac_unoccupied
2026-01-08 23:40:00,0,0,21.0,27,OFF,OFF,0,none,normal,normal,normal,light_unoccupied; hvac_unoccupied
2026-01-08 23:45:00,0,0,20.96,1,OFF,OFF,0,none,normal,normal,normal,light_unoccupied; hvac_unoccupied
2026-01-08 23:50:00,0,1,20.96,72,OFF,OFF,0,none,normal,normal,normal,light_unoccupied; hvac_unoccupied
2026-01-08 23:55:00,0,1,21.04,115,OFF,OFF,0,none,normal,normal,normal,light_unoccupied; hvac_unoccupied
2026-01-09 00:00:00,0,0,20.94,0,OFF,OFF,0,none,normal,normal,normal,light_unoccupied; hvac_unoccupied
2026-01-09 00:05:00,0,0,20.85,0,OFF,OFF,0,none,normal,normal,normal,light_unoccupied; hvac_unoccupied
2026-01-09 00:10:00,0,0,20.79,0,OFF,OFF,0,none,normal,normal,normal,light_unoccupied; hvac_unoccupied
2026-01-09 00:15:00,0,0,20.75,66,OFF,OFF,0,none,normal,normal,normal,light_unoccupied; hvac_unoccupied
2026-01-09 00:20:00,0,0,20.68,46,OFF,OFF,0,none,normal,normal,normal,light_unoccupied; hvac_unoccupied
2026-01-09 00:25:00,0,0,20.54,5,OFF,OFF,0,none,normal,normal,normal,light_unoccupied; hvac_unoccupied
2026-01-09 00:30:00,0,0,20.57,11,OFF,OFF,0,none,normal,normal,normal,light_unoccupied; hvac_unoccupied
2026-01-09 00:35:00,0,0,20.55,0,OFF,OFF,0,none,normal,normal,normal,light_unoccupied; hvac_unoccupied
2026-01-09 00:40:00,0,0,20.48,41,OFF,OFF,0,none,normal,normal,normal,light_unoccupied; hvac_unoccupied
2026-01-09 00:45:00,0,0,20.42,0,OFF,OFF,0,none,normal,normal,normal,light_unoccupied; hvac_unoccupied
2026-01-09 00:50:00,0,0,20.32,0,OFF,OFF,0,none,normal,normal,normal,light_unoccupied; hvac_unoccupied
2026-01-09 00:55:00,0,0,20.29,31,OFF,OFF,0,none,normal,normal,normal,light_unoccupied; hvac_unoccupied
2026-01-09 01:00:00,0,0,20.13,3,OFF,OFF,0,none,normal,normal,normal,light_unoccupied; hvac_unoccupied
2026-01-09 01:05:00,0,0,20.0,1,OFF,OFF,0,none,normal,normal,normal,light_unoccupied; hvac_unoccupied
2026-01-09 01:10:00,0,0,19.9,10,OFF,OFF,0,none,normal,normal,normal,light_unoccupied; hvac_unoccupied
2026-01-09 01:15:00,0,0,19.85,37,OFF,OFF,0,none,normal,normal,normal,light_unoccupied; hvac_unoccupied
2026-01-09 01:20:00,0,0,19.85,67,OFF,OFF,0,none,normal,normal,normal,light_unoccupied; hvac_unoccupied
2026-01-09 01:25:00,0,0,19.86,30,OFF,OFF,0,none,normal,normal,normal,light_unoccupied; hvac_unoccupied
2026-01-09 01:30:00,0,0,19.84,38,OFF,OFF,0,none,normal,normal,normal,light_unoccupied; hvac_unoccupied
2026-01-09 01:35:00,0,0,19.78,3,OFF,OFF,0,none,normal,normal,normal,light_unoccupied; hvac_unoccupied
2026-01-09 01:40:00,0,0,19.72,0,OFF,OFF,0,none,normal,normal,normal,light_unoccupied; hvac_unoccupied
2026-01-09 01:45:00,0,0,19.83,32,OFF,OFF,0,none,normal,normal,normal,light_unoccupied; hvac_unoccupied
2026-01-09 01:50:00,0,0,19.78,15,OFF,OFF,0,none,normal,normal,normal,light_unoccupied; hvac_unoccupied
2026-01-09 01:55:00,0,0,19.74,0,OFF,OFF,0,none,normal,normal,normal,light_unoccupied; hvac_unoccupied
2026-01-09 02:00:00,0,0,19.76,0,OFF,OFF,0,none,normal,normal,normal,light_unoccupied; hvac_unoccupied
2026-01-09 02:05:00,0,0,19.79,7,OFF,OFF,0,none,normal,normal,normal,light_unoccupied; hvac_unoccupied
2026-01-09 02:10:00,0,0,19.73,0,OFF,OFF,0,none,normal,normal,normal,light_unoccupied; hvac_unoccupied
2026-01-09 02:15:00,0,0,19.59,61,OFF,OFF,0,none,normal,normal,normal,light_unoccupied; hvac_unoccupied
2026-01-09 02:20:00,0,0,19.51,26,OFF,OFF,0,none,normal,normal,normal,light_unoccupied; hvac_unoccupied
2026-01-09 02:25:00,0,0,19.6,58,OFF,OFF,0,none,normal,normal,normal,light_unoccupied; hvac_unoccupied
2026-01-09 02:30:00,0,0,19.54,19,OFF,OFF,0,none,normal,normal,normal,light_unoccupied; hvac_unoccupied
2026-01-09 02:35:00,0,0,19.55,12,OFF,OFF,0,none,normal,normal,normal,light_unoccupied; hvac_unoccupied
2026-01-09 02:40:00,0,0,19.57,0,OFF,OFF,0,none,normal,normal,normal,light_unoccupied; hvac_unoccupied
2026-01-09 02:45:00,0,0,19.6,10,OFF,OFF,0,none,normal,normal,normal,light_unoccupied; hvac_unoccupied
2026-01-09 02:50:00,0,0,19.67,10,OFF,OFF,0,none,normal,normal,normal,light_unoccupied; hvac_unoccupied
2026-01-09 02:55:00,1,0,29.85,0,ON,COOLING,0,none,normal,normal,normal,light_occupied_and_dark; hvac_occupied_and_hot
2026-01-09 03:00:00,0,0,19.55,0,OFF,OFF,0,none,normal,normal,normal,light_unoccupied; hvac_unoccupied
2026-01-09 03:05:00,0,0,19.53,0,OFF,OFF,0,none,normal,normal,normal,light_unoccupied; hvac_unoccupied
2026-01-09 03:10:00,0,0,19.57,24,OFF,OFF,0,none,normal,normal,normal,light_unoccupied; hvac_unoccupied
2026-01-09 03:15:00,0,0,19.6,26,OFF,OFF,0,none,normal,normal,normal,light_unoccupied; hvac_unoccupied
2026-01-09 03:20:00,0,0,19.67,0,OFF,OFF,0,none,normal,normal,normal,light_unoccupied; hvac_unoccupied
2026-01-09 03:25:00,0,0,19.66,26,OFF,OFF,0,none,normal,normal,normal,light_unoccupied; hvac_unoccupied
2026-01-09 03:30:00,0,0,19.67,3,OFF,OFF,0,none,normal,normal,normal,light_unoccupied; hvac_unoccupied
2026-01-09 03:35:00,0,0,19.6,0,OFF,OFF,0,none,normal,normal,normal,light_unoccupied; hvac_unoccupied
2026-01-09 03:40:00,0,0,19.58,0,OFF,OFF,0,none,normal,normal,normal,light_unoccupied; hvac_unoccupied
2026-01-09 03:45:00,0,0,19.52,47,OFF,OFF,0,none,normal,normal,normal,light_unoccupied; hvac_unoccupied
2026-01-09 03:50:00,0,0,19.52,0,OFF,OFF,0,none,normal,normal,normal,light_unoccupied; hvac_unoccupied
2026-01-09 03:55:00,0,0,19.54,13,OFF,OFF,0,none,normal,normal,normal,light_unoccupied; hvac_unoccupied
2026-01-09 04:00:00,0,0,19.6,65,OFF,OFF,0,none,normal,normal,normal,light_unoccupied; hvac_unoccupied
2026-01-09 04:05:00,0,0,19.64,0,OFF,OFF,0,none,normal,normal,normal,light_unoccupied; hvac_unoccupied
2026-01-09 04:10:00,0,0,19.66,10,OFF,OFF,0,none,normal,normal,normal,light_unoccupied; hvac_unoccupied
2026-01-09 04:15:00,0,0,19.74,0,OFF,OFF,0,none,normal,normal,normal,light_unoccupied; hvac_unoccupied
2026-01-09 04:20:00,0,0,19.79,66,OFF,OFF,0,none,normal,normal,normal,light_unoccupied; hvac_unoccupied
2026-01-09 04:25:00,0,0,19.82,7,OFF,OFF,0,none,normal,normal,normal,light_unoccupied; hvac_unoccupied
2026-01-09 04:30:00,0,0,19.75,11,OFF,OFF,0,none,normal,normal,normal,light_unoccupied; hvac_unoccupied
2026-01-09 04:35:00,0,0,19.83,57,OFF,OFF,0,none,normal,normal,normal,light_unoccupied; hvac_unoccupied
2026-01-09 04:40:00,0,0,19.85,33,OFF,OFF,0,none,normal,normal,normal,light_unoccupied; hvac_unoccupied
2026-01-09 04:45:00,0,0,19.95,0,OFF,OFF,0,none,normal,normal,normal,light_unoccupied; hvac_unoccupied
2026-01-09 04:50:00,0,0,19.88,0,OFF,OFF,0,none,normal,normal,normal,light_unoccupied; hvac_unoccupied
2026-01-09 04:55:00,0,0,19.91,27,OFF,OFF,0,none,normal,normal,normal,light_unoccupied; hvac_unoccupied
2026-01-09 05:00:00,0,0,20.03,0,OFF,OFF,0,none,normal,normal,normal,light_unoccupied; hvac_unoccupied
2026-01-09 05:05:00,0,1,20.2,0,OFF,OFF,0,none,normal,normal,normal,light_unoccupied; hvac_unoccupied
2026-01-09 05:10:00,0,1,20.37,33,OFF,OFF,0,none,normal,normal,normal,light_unoccupied; hvac_unoccupied
2026-01-09 05:15:00,0,0,20.42,0,OFF,OFF,0,none,normal,normal,normal,light_unoccupied; hvac_unoccupied
2026-01-09 05:20:00,0,0,20.47,66,OFF,OFF,0,none,normal,normal,normal,light_unoccupied; hvac_unoccupied
2026-01-09 05:25:00,0,0,20.5,16,OFF,OFF,0,none,normal,normal,normal,light_unoccupied; hvac_unoccupied
2026-01-09 05:30:00,0,0,20.55,0,OFF,OFF,0,none,normal,normal,normal,light_unoccupied; hvac_unoccupied
2026-01-09 05:35:00,0,0,20.59,0,OFF,OFF,0,none,normal,normal,normal,light_unoccupied; hvac_unoccupied
2026-01-09 05:40:00,0,0,20.62,0,OFF,OFF,0,none,normal,normal,normal,light_unoccupied; hvac_unoccupied
2026-01-09 05:45:00,0,0,20.69,0,OFF,OFF,0,none,normal,normal,normal,light_unoccupied; hvac_unoccupied
2026-01-09 05:50:00,0,0,20.74,45,OFF,OFF,0,none,normal,normal,normal,light_unoccupied; hvac_unoccupied
2026-01-09 05:55:00,0,0,20.85,88,OFF,OFF,0,none,normal,normal,normal,light_unoccupied; hvac_unoccupied
2026-01-09 06:00:00,0,0,20.87,35,OFF,OFF,0,none,normal,normal,normal,light_unoccupied; hvac_unoccupied
2026-01-09 06:05:00,0,0,20.92,21,OFF,OFF,0,none,normal,normal,normal,light_unoccupied; hvac_unoccupied
2026-01-09 06:10:00,0,0,20.82,24,OFF,OFF,0,none,normal,normal,normal,light_unoccupied; hvac_unoccupied
2026-01-09 06:15:00,0,0,20.8,20,OFF,OFF,0,none,normal,normal,normal,light_unoccupied; hvac_unoccupied
2026-01-09 06:20:00,0,1,20.8,166,OFF,OFF,0,none,normal,normal,normal,light_unoccupied; hvac_unoccupied
2026-01-09 06:25:00,0,1,20.95,102,OFF,OFF,0,none,normal,normal,normal,light_unoccupied; hvac_unoccupied
2026-01-09 06:30:00,0,1,21.22,197,OFF,OFF,0,none,normal,normal,normal,light_unoccupied; hvac_unoccupied
2026-01-09 06:35:00,0,1,21.39,187,OFF,OFF,0,none,normal,normal,normal,light_unoccupied; hvac_unoccupied
2026-01-09 06:40:00,0,1,21.6,92,OFF,OFF,0,none,normal,normal,normal,light_unoccupied; hvac_unoccupied
2026-01-09 06:45:00,0,0,21.77,119,OFF,OFF,0,none,normal,normal,normal,light_unoccupied; hvac_unoccupied
2026-01-09 06:50:00,0,0,21.9,133,OFF,OFF,0,none,normal,normal,normal,light_unoccupied; hvac_unoccupied
2026-01-09 06:55:00,0,0,22.0,168,OFF,OFF,0,none,normal,normal,normal,light_unoccupied; hvac_unoccupied
2026-01-09 07:00:00,0,1,22.0,208,OFF,OFF,0,none,normal,normal,normal,light_unoccupied; hvac_unoccupied
2026-01-09 07:05:00,0,1,22.23,330,OFF,OFF,0,none,normal,normal,normal,light_unoccupied; hvac_unoccupied
2026-01-09 07:10:00,1,1,22.48,201,ON,OFF,0,none,normal,normal,normal,light_occupied_and_dark; hvac_occupied_within_comfort_band
2026-01-09 07:15:00,1,1,22.77,261,ON,OFF,0,none,normal,normal,normal,light_occupied_and_dark; hvac_occupied_within_comfort_band
2026-01-09 07:20:00,1,1,22.92,289,ON,OFF,0,none,normal,normal,normal,light_occupied_and_dark; hvac_occupied_within_comfort_band
2026-01-09 07:25:00,1,0,22.96,256,ON,OFF,0,none,normal,normal,normal,light_occupied_and_dark; hvac_occupied_within_comfort_band
2026-01-09 07:30:00,1,0,22.89,274,ON,OFF,0,none,normal,normal,normal,light_occupied_and_dark; hvac_occupied_within_comfort_band
2026-01-09 07:35:00,1,1,22.82,272,ON,OFF,0,none,normal,normal,normal,light_occupied_and_dark; hvac_occupied_within_comfort_band
2026-01-09 07:40:00,1,1,22.92,326,OFF,OFF,0,none,normal,normal,normal,light_occupied_but_bright; hvac_occupied_within_comfort_band
2026-01-09 07:45:00,1,1,23.11,353,OFF,OFF,0,none,normal,normal,normal,light_occupied_but_bright; hvac_occupied_within_comfort_band
2026-01-09 07:50:00,1,1,23.28,360,OFF,OFF,0,none,normal,normal,normal,light_occupied_but_bright; hvac_occupied_within_comfort_band
2026-01-09 07:55:00,1,1,23.43,382,OFF,OFF,0,none,normal,normal,normal,light_occupied_but_bright; hvac_occupied_within_comfort_band
2026-01-09 08:00:00,1,1,23.54,424,OFF,OFF,0,none,normal,normal,normal,light_occupied_but_bright; hvac_occupied_within_comfort_band
2026-01-09 08:05:00,1,1,23.65,420,OFF,OFF,0,none,normal,normal,normal,light_occupied_but_bright; hvac_occupied_within_comfort_band
2026-01-09 08:10:00,1,1,23.74,402,OFF,OFF,0,none,normal,normal,normal,light_occupied_but_bright; hvac_occupied_within_comfort_band
2026-01-09 08:15:00,1,1,23.82,371,OFF,OFF,0,none,normal,normal,normal,light_occupied_but_bright; hvac_occupied_within_comfort_band
2026-01-09 08:20:00,1,0,23.87,379,OFF,OFF,0,none,normal,normal,normal,light_occupied_but_bright; hvac_occupied_within_comfort_band
2026-01-09 08:25:00,1,1,23.87,429,OFF,OFF,0,none,normal,normal,normal,light_occupied_but_bright; hvac_occupied_within_comfort_band
2026-01-09 08:30:00,0,1,8.53,457,OFF,OFF,1,rolling_zscore,normal,normal,normal,light_unoccupied; hvac_unoccupied
2026-01-09 08:35:00,1,1,24.14,443,OFF,OFF,0,none,normal,normal,normal,light_occupied_but_bright; hvac_occupied_within_comfort_band
2026-01-09 08:40:00,1,0,24.3,414,OFF,OFF,0,none,normal,normal,normal,light_occupied_but_bright; hvac_occupied_within_comfort_band
2026-01-09 08:45:00,1,1,24.38,441,OFF,OFF,0,none,normal,normal,normal,light_occupied_but_bright; hvac_occupied_within_comfort_band
2026-01-09 08:50:00,1,1,24.47,436,OFF,OFF,0,none,normal,normal,normal,light_occupied_but_bright; hvac_occupied_within_comfort_band
2026-01-09 08:55:00,1,1,24.56,497,OFF,OFF,0,none,normal,normal,normal,light_occupied_but_bright; hvac_occupied_within_comfort_band
2026-01-09 09:00:00,1,0,24.68,439,OFF,OFF,0,none,normal,normal,normal,light_occupied_but_bright; hvac_occupied_within_comfort_band
2026-01-09 09:05:00,1,1,24.68,491,OFF,OFF,0,none,normal,normal,normal,light_occupied_but_bright; hvac_occupied_within_comfort_band
2026-01-09 09:10:00,1,1,24.69,522,OFF,OFF,0,none,normal,normal,normal,light_occupied_but_bright; hvac_occupied_within_comfort_band
2026-01-09 09:15:00,1,0,24.71,474,OFF,OFF,0,none,normal,normal,normal,light_occupied_but_bright; hvac_occupied_within_comfort_band
2026-01-09 09:20:00,1,1,24.75,569,OFF,OFF,0,none,normal,normal,normal,light_occupied_but_bright; hvac_occupied_within_comfort_band
2026-01-09 09:25:00,1,1,24.9,591,OFF,OFF,0,none,normal,normal,normal,light_occupied_but_bright; hvac_occupied_within_comfort_band
2026-01-09 09:30:00,1,1,24.98,555,OFF,OFF,0,none,normal,normal,normal,light_occupied_but_bright; hvac_occupied_within_comfort_band
2026-01-09 09:35:00,1,1,25.17,568,OFF,OFF,0,none,normal,normal,normal,light_occupied_but_bright; hvac_occupied_within_comfort_band
2026-01-09 09:40:00,1,1,25.26,610,OFF,OFF,0,none,normal,normal,normal,light_occupied_but_bright; hvac_occupied_within_comfort_band
2026-01-09 09:45:00,1,1,25.48,575,OFF,OFF,0,none,normal,normal,normal,light_occupied_but_bright; hvac_occupied_within_comfort_band
2026-01-09 09:50:00,1,1,25.51,581,OFF,OFF,0,none,normal,normal,normal,light_occupied_but_bright; hvac_occupied_within_comfort_band
2026-01-09 09:55:00,1,1,25.58,658,OFF,OFF,0,none,normal,normal,normal,light_occupied_but_bright; hvac_occupied_within_comfort_band
2026-01-09 10:00:00,1,1,25.67,654,OFF,OFF,0,none,normal,normal,normal,light_occupied_but_bright; hvac_occupied_within_comfort_band
2026-01-09 10:05:00,1,1,25.91,652,OFF,OFF,0,none,normal,normal,normal,light_occupied_but_bright; hvac_occupied_within_comfort_band
2026-01-09 10:10:00,1,1,26.16,670,OFF,COOLING,0,none,normal,normal,normal,light_occupied_but_bright; hvac_occupied_and_hot
2026-01-09 10:15:00,1,1,26.26,575,OFF,COOLING,0,none,normal,normal,normal,light_occupied_but_bright; hvac_occupied_and_hot
2026-01-09 10:20:00,1,1,26.42,698,OFF,COOLING,0,none,normal,normal,normal,light_occupied_but_bright; hvac_occupied_and_hot
2026-01-09 10:25:00,1,0,26.41,646,OFF,COOLING,0,none,normal,normal,normal,light_occupied_but_bright; hvac_occupied_and_hot
2026-01-09 10:30:00,1,0,26.46,673,OFF,COOLING,0,none,normal,normal,normal,light_occupied_but_bright; hvac_occupied_and_hot
2026-01-09 10:35:00,1,1,26.32,682,OFF,COOLING,0,none,normal,normal,normal,light_occupied_but_bright; hvac_occupied_and_hot
2026-01-09 10:40:00,1,1,26.39,675,OFF,COOLING,0,none,normal,normal,normal,light_occupied_but_bright; hvac_occupied_and_hot
2026-01-09 10:45:00,1,1,26.3,669,OFF,COOLING,0,none,normal,normal,normal,light_occupied_but_bright; hvac_occupied_and_hot
2026-01-09 10:50:00,1,1,26.37,696,OFF,COOLING,0,none,normal,normal,normal,light_occupied_but_bright; hvac_occupied_and_hot
2026-01-09 10:55:00,1,1,26.45,676,OFF,COOLING,0,none,normal,normal,normal,light_occupied_but_bright; hvac_occupied_and_hot
2026-01-09 11:00:00,1,1,26.58,722,OFF,COOLING,0,none,normal,normal,normal,light_occupied_but_bright; hvac_occupied_and_hot
2026-01-09 11:05:00,1,1,26.73,639,OFF,COOLING,0,none,normal,normal,normal,light_occupied_but_bright; hvac_occupied_and_hot
2026-01-09 11:10:00,1,1,26.83,679,OFF,COOLING,0,none,normal,normal,normal,light_occupied_but_bright; hvac_occupied_and_hot
2026-01-09 11:15:00,1,1,26.94,773,OFF,COOLING,0,none,normal,normal,normal,light_occupied_but_bright; hvac_occupied_and_hot
2026-01-09 11:20:00,1,1,26.94,682,OFF,COOLING,0,none,normal,normal,normal,light_occupied_but_bright; hvac_occupied_and_hot
2026-01-09 11:25:00,1,1,26.99,698,OFF,COOLING,0,none,normal,normal,normal,light_occupied_but_bright; hvac_occupied_and_hot
2026-01-09 11:30:00,1,1,27.12,678,OFF,COOLING,0,none,normal,normal,normal,light_occupied_but_bright; hvac_occupied_and_hot
2026-01-09 11:35:00,1,1,27.32,722,OFF,COOLING,0,none,normal,normal,normal,light_occupied_but_bright; hvac_occupied_and_hot
2026-01-09 11:40:00,1,1,27.46,686,OFF,COOLING,0,none,normal,normal,normal,light_occupied_but_bright; hvac_occupied_and_hot
2026-01-09 11:45:00,1,1,27.56,707,OFF,COOLING,0,none,normal,normal,normal,light_occupied_but_bright; hvac_occupied_and_hot
2026-01-09 11:50:00,1,1,27.71,744,OFF,COOLING,0,none,normal,normal,normal,light_occupied_but_bright; hvac_occupied_and_hot
2026-01-09 11:55:00,1,1,27.73,690,OFF,COOLING,0,none,normal,normal,normal,light_occupied_but_bright; hvac_occupied_and_hot
2026-01-09 12:00:00,1,1,27.88,742,OFF,COOLING,0,none,normal,normal,normal,light_occupied_but_bright; hvac_occupied_and_hot
2026-01-09 12:05:00,1,1,27.81,743,OFF,COOLING,0,none,normal,normal,normal,light_occupied_but_bright; hvac_occupied_and_hot
2026-01-09 12:10:00,1,0,27.87,726,OFF,COOLING,0,none,normal,normal,normal,light_occupied_but_bright; hvac_occupied_and_hot
2026-01-09 12:15:00,1,1,27.88,718,OFF,COOLING,0,none,normal,normal,normal,light_occupied_but_bright; hvac_occupied_and_hot
2026-01-09 12:20:00,1,1,28.0,825,OFF,COOLING,1,rolling_zscore,normal,normal,normal,light_occupied_but_bright; hvac_occupied_and_hot
2026-01-09 12:25:00,1,1,28.03,747,OFF,COOLING,0,none,normal,normal,normal,light_occupied_but_bright; hvac_occupied_and_hot
2026-01-09 12:30:00,1,0,28.02,695,OFF,COOLING,0,none,normal,normal,normal,light_occupied_but_bright; hvac_occupied_and_hot
2026-01-09 12:35:00,1,1,27.99,676,OFF,COOLING,0,none,normal,normal,normal,light_occupied_but_bright; hvac_occupied_and_hot
2026-01-09 12:40:00,1,0,27.96,676,OFF,COOLING,0,none,normal,normal,normal,light_occupied_but_bright; hvac_occupied_and_hot
2026-01-09 12:45:00,1,1,27.97,751,OFF,COOLING,0,none,normal,normal,normal,light_occupied_but_bright; hvac_occupied_and_hot
2026-01-09 12:50:00,1,1,28.05,758,OFF,COOLING,0,none,normal,normal,normal,light_occupied_but_bright; hvac_occupied_and_hot
2026-01-09 12:55:00,1,1,28.15,747,OFF,COOLING,0,none,normal,normal,normal,light_occupied_but_bright; hvac_occupied_and_hot
2026-01-09 13:00:00,1,1,28.19,719,OFF,COOLING,0,none,normal,normal,normal,light_occupied_but_bright; hvac_occupied_and_hot
2026-01-09 13:05:00,1,1,28.17,643,OFF,COOLING,0,none,normal,normal,normal,light_occupied_but_bright; hvac_occupied_and_hot
2026-01-09 13:10:00,1,1,28.16,700,OFF,COOLING,0,none,normal,normal,normal,light_occupied_but_bright; hvac_occupied_and_hot
2026-01-09 13:15:00,1,1,28.24,635,OFF,COOLING,0,none,normal,normal,normal,light_occupied_but_bright; hvac_occupied_and_hot
2026-01-09 13:20:00,1,1,28.24,621,OFF,COOLING,0,none,normal,normal,normal,light_occupied_but_bright; hvac_occupied_and_hot
2026-01-09 13:25:00,1,1,28.32,677,OFF,COOLING,0,none,normal,normal,normal,light_occupied_but_bright; hvac_occupied_and_hot
2026-01-09 13:30:00,1,1,28.48,681,OFF,COOLING,0,none,normal,normal,normal,light_occupied_but_bright; hvac_occupied_and_hot
2026-01-09 13:35:00,1,1,28.59,689,OFF,COOLING,0,none,normal,normal,normal,light_occupied_but_bright; hvac_occupied_and_hot
2026-01-09 13:40:00,1,1,28.7,668,OFF,COOLING,0,none,normal,normal,normal,light_occupied_but_bright; hvac_occupied_and_hot
2026-01-09 13:45:00,1,1,28.72,663,OFF,COOLING,0,none,normal,normal,normal,light_occupied_but_bright; hvac_occupied_and_hot
2026-01-09 13:50:00,1,1,28.76,603,OFF,COOLING,0,none,normal,normal,normal,light_occupied_but_bright; hvac_occupied_and_hot
2026-01-09 13:55:00,1,1,28.8,627,OFF,COOLING,0,none,normal,normal,normal,light_occupied_but_bright; hvac_occupied_and_hot
2026-01-09 14:00:00,1,1,28.83,571,OFF,COOLING,0,none,normal,normal,normal,light_occupied_but_bright; hvac_occupied_and_hot
2026-01-09 14:05:00,1,1,28.91,546,OFF,COOLING,0,none,normal,normal,normal,light_occupied_but_bright; hvac_occupied_and_hot
2026-01-09 14:10:00,1,1,28.87,634,OFF,COOLING,0,none,normal,normal,normal,light_occupied_but_bright; hvac_occupied_and_hot
2026-01-09 14:15:00,1,1,28.86,574,OFF,COOLING,0,none,normal,normal,normal,light_occupied_but_bright; hvac_occupied_and_hot
2026-01-09 14:20:00,1,1,28.85,622,OFF,COOLING,0,none,normal,normal,normal,light_occupied_but_bright; hvac_occupied_and_hot
2026-01-09 14:25:00,1,1,29.02,622,OFF,COOLING,0,none,normal,normal,normal,light_occupied_but_bright; hvac_occupied_and_hot
2026-01-09 14:30:00,1,0,28.94,527,OFF,COOLING,0,none,normal,normal,normal,light_occupied_but_bright; hvac_occupied_and_hot
2026-01-09 14:35:00,1,0,28.94,560,OFF,COOLING,0,none,normal,normal,normal,light_occupied_but_bright; hvac_occupied_and_hot
2026-01-09 14:40:00,1,0,28.84,507,OFF,COOLING,0,none,normal,normal,normal,light_occupied_but_bright; hvac_occupied_and_hot
2026-01-09 14:45:00,1,1,28.75,481,OFF,COOLING,0,none,normal,normal,normal,light_occupied_but_bright; hvac_occupied_and_hot
2026-01-09 14:50:00,1,1,28.65,540,OFF,COOLING,0,none,normal,normal,normal,light_occupied_but_bright; hvac_occupied_and_hot
2026-01-09 14:55:00,1,1,28.59,509,OFF,OFF,1,temperature_flatline,suspect,normal,normal,light_occupied_but_bright; temperature_sensor_suspect
2026-01-09 15:00:00,1,1,28.59,500,OFF,OFF,1,temperature_flatline,suspect,normal,normal,light_occupied_but_bright; temperature_sensor_suspect
2026-01-09 15:05:00,1,1,28.61,574,OFF,OFF,1,temperature_flatline,suspect,normal,normal,light_occupied_but_bright; temperature_sensor_suspect
2026-01-09 15:10:00,1,1,28.58,440,OFF,OFF,1,temperature_flatline,suspect,normal,normal,light_occupied_but_bright; temperature_sensor_suspect
2026-01-09 15:15:00,1,1,28.61,496,OFF,OFF,1,temperature_flatline,suspect,normal,normal,light_occupied_but_bright; temperature_sensor_suspect
2026-01-09 15:20:00,1,1,28.59,437,OFF,OFF,1,temperature_flatline,suspect,normal,normal,light_occupied_but_bright; temperature_sensor_suspect
2026-01-09 15:25:00,1,0,28.56,467,OFF,COOLING,0,none,normal,normal,normal,light_occupied_but_bright; hvac_occupied_and_hot
2026-01-09 15:30:00,1,1,28.57,459,OFF,COOLING,0,none,normal,normal,normal,light_occupied_but_bright; hvac_occupied_and_hot
2026-01-09 15:35:00,1,1,28.57,450,OFF,COOLING,0,none,normal,normal,normal,light_occupied_but_bright; hvac_occupied_and_hot
2026-01-09 15:40:00,1,1,28.65,391,OFF,COOLING,0,none,normal,normal,normal,light_occupied_but_bright; hvac_occupied_and_hot
2026-01-09 15:45:00,1,1,28.71,385,OFF,COOLING,0,none,normal,normal,normal,light_occupied_but_bright; hvac_occupied_and_hot
2026-01-09 15:50:00,1,1,28.76,432,OFF,COOLING,0,none,normal,normal,normal,light_occupied_but_bright; hvac_occupied_and_hot
2026-01-09 15:55:00,1,1,28.75,449,OFF,COOLING,0,none,normal,normal,normal,light_occupied_but_bright; hvac_occupied_and_hot
2026-01-09 16:00:00,1,1,28.75,391,OFF,COOLING,0,none,normal,normal,normal,light_occupied_but_bright; hvac_occupied_and_hot
2026-01-09 16:05:00,1,1,28.64,330,OFF,COOLING,0,none,normal,normal,normal,light_occupied_but_bright; hvac_occupied_and_hot
2026-01-09 16:10:00,1,1,28.6,360,OFF,COOLING,0,none,normal,normal,normal,light_occupied_but_bright; hvac_occupied_and_hot
2026-01-09 16:15:00,1,1,28.55,420,OFF,COOLING,0,none,normal,normal,normal,light_occupied_but_bright; hvac_occupied_and_hot
2026-01-09 16:20:00,1,1,28.57,325,OFF,COOLING,0,none,normal,normal,normal,light_occupied_but_bright; hvac_occupied_and_hot
2026-01-09 16:25:00,1,1,28.7,360,OFF,COOLING,0,none,normal,normal,normal,light_occupied_but_bright; hvac_occupied_and_hot
2026-01-09 16:30:00,1,1,28.73,269,ON,COOLING,0,none,normal,normal,normal,light_occupied_and_dark; hvac_occupied_and_hot
2026-01-09 16:35:00,1,1,28.79,279,ON,COOLING,0,none,normal,normal,normal,light_occupied_and_dark; hvac_occupied_and_hot
2026-01-09 16:40:00,1,1,28.65,289,ON,COOLING,0,none,normal,normal,normal,light_occupied_and_dark; hvac_occupied_and_hot
2026-01-09 16:45:00,1,1,28.61,267,ON,COOLING,0,none,normal,normal,normal,light_occupied_and_dark; hvac_occupied_and_hot
2026-01-09 16:50:00,1,1,28.5,212,ON,COOLING,0,none,normal,normal,normal,light_occupied_and_dark; hvac_occupied_and_hot
2026-01-09 16:55:00,1,1,28.48,196,ON,COOLING,0,none,normal,normal,normal,light_occupied_and_dark; hvac_occupied_and_hot
2026-01-09 17:00:00,1,1,28.39,245,ON,COOLING,0,none,normal,normal,normal,light_occupied_and_dark; hvac_occupied_and_hot
2026-01-09 17:05:00,1,1,28.39,238,ON,COOLING,0,none,normal,normal,normal,light_occupied_and_dark; hvac_occupied_and_hot
2026-01-09 17:10:00,1,1,28.23,235,ON,COOLING,0,none,normal,normal,normal,light_occupied_and_dark; hvac_occupied_and_hot
2026-01-09 17:15:00,1,1,28.17,230,ON,COOLING,0,none,normal,normal,normal,light_occupied_and_dark; hvac_occupied_and_hot
2026-01-09 17:20:00,1,1,28.21,157,ON,COOLING,0,none,normal,normal,normal,light_occupied_and_dark; hvac_occupied_and_hot
2026-01-09 17:25:00,1,1,28.33,127,ON,COOLING,0,none,normal,normal,normal,light_occupied_and_dark; hvac_occupied_and_hot
2026-01-09 17:30:00,1,1,28.41,171,ON,COOLING,0,none,normal,normal,normal,light_occupied_and_dark; hvac_occupied_and_hot
2026-01-09 17:35:00,1,1,28.35,133,ON,COOLING,0,none,normal,normal,normal,light_occupied_and_dark; hvac_occupied_and_hot
2026-01-09 17:40:00,1,0,28.25,34,ON,COOLING,0,none,normal,normal,normal,light_occupied_and_dark; hvac_occupied_and_hot
2026-01-09 17:45:00,1,1,28.06,43,ON,COOLING,0,none,normal,normal,normal,light_occupied_and_dark; hvac_occupied_and_hot
2026-01-09 17:50:00,1,1,27.84,81,ON,COOLING,0,none,normal,normal,normal,light_occupied_and_dark; hvac_occupied_and_hot
2026-01-09 17:55:00,1,0,27.76,18,ON,COOLING,0,none,normal,normal,normal,light_occupied_and_dark; hvac_occupied_and_hot
2026-01-09 18:00:00,1,1,27.69,34,ON,COOLING,0,none,normal,normal,normal,light_occupied_and_dark; hvac_occupied_and_hot
2026-01-09 18:05:00,1,1,27.76,72,ON,COOLING,0,none,normal,normal,normal,light_occupied_and_dark; hvac_occupied_and_hot
2026-01-09 18:10:00,1,0,27.58,36,ON,COOLING,0,none,normal,normal,normal,light_occupied_and_dark; hvac_occupied_and_hot
2026-01-09 18:15:00,1,0,27.53,56,ON,COOLING,0,none,normal,normal,normal,light_occupied_and_dark; hvac_occupied_and_hot
2026-01-09 18:20:00,1,1,27.25,0,ON,COOLING,0,none,normal,normal,normal,light_occupied_and_dark; hvac_occupied_and_hot
2026-01-09 18:25:00,1,1,27.23,43,ON,COOLING,0,none,normal,normal,normal,light_occupied_and_dark; hvac_occupied_and_hot
2026-01-09 18:30:00,0,1,12.85,59,OFF,OFF,1,rolling_zscore,normal,normal,normal,light_unoccupied; hvac_unoccupied
2026-01-09 18:35:00,1,1,27.04,0,ON,COOLING,0,none,normal,normal,normal,light_occupied_and_dark; hvac_occupied_and_hot
2026-01-09 18:40:00,0,0,26.87,0,OFF,OFF,0,none,normal,normal,normal,light_unoccupied; hvac_unoccupied
2026-01-09 18:45:00,0,0,26.63,0,OFF,OFF,0,none,normal,normal,normal,light_unoccupied; hvac_unoccupied
2026-01-09 18:50:00,0,1,26.5,35,OFF,OFF,0,none,normal,normal,normal,light_unoccupied; hvac_unoccupied
2026-01-09 18:55:00,1,1,26.49,91,ON,COOLING,0,none,normal,normal,normal,light_occupied_and_dark; hvac_occupied_and_hot
2026-01-09 19:00:00,1,1,26.5,105,ON,COOLING,0,none,normal,normal,normal,light_occupied_and_dark; hvac_occupied_and_hot
2026-01-09 19:05:00,0,0,26.48,0,OFF,OFF,0,none,normal,normal,normal,light_unoccupied; hvac_unoccupied
2026-01-09 19:10:00,1,1,26.4,53,ON,COOLING,0,none,normal,normal,normal,light_occupied_and_dark; hvac_occupied_and_hot
2026-01-09 19:15:00,0,0,26.24,29,OFF,OFF,0,none,normal,normal,normal,light_unoccupied; hvac_unoccupied
2026-01-09 19:20:00,0,0,26.23,23,OFF,OFF,0,none,normal,normal,normal,light_unoccupied; hvac_unoccupied
2026-01-09 19:25:00,1,1,26.06,48,ON,COOLING,0,none,normal,normal,normal,light_occupied_and_dark; hvac_occupied_and_hot
2026-01-09 19:30:00,1,1,26.06,45,ON,COOLING,0,none,normal,normal,normal,light_occupied_and_dark; hvac_occupied_and_hot
2026-01-09 19:35:00,1,0,25.9,69,ON,OFF,0,none,normal,normal,normal,light_occupied_and_dark; hvac_occupied_within_comfort_band
2026-01-09 19:40:00,1,1,25.91,73,ON,OFF,0,none,normal,normal,normal,light_occupied_and_dark; hvac_occupied_within_comfort_band
2026-01-09 19:45:00,0,1,25.84,0,OFF,OFF,0,none,normal,normal,normal,light_unoccupied; hvac_unoccupied
2026-01-09 19:50:00,0,0,25.66,37,OFF,OFF,0,none,normal,normal,normal,light_unoccupied; hvac_unoccupied
2026-01-09 19:55:00,0,0,25.47,41,OFF,OFF,0,none,normal,normal,normal,light_unoccupied; hvac_unoccupied
2026-01-09 20:00:00,0,0,25.28,21,OFF,OFF,0,none,normal,normal,normal,light_unoccupied; hvac_unoccupied
2026-01-09 20:05:00,1,0,25.16,49,ON,OFF,0,none,normal,normal,normal,light_occupied_and_dark; hvac_occupied_within_comfort_band
2026-01-09 20:10:00,0,1,25.04,41,OFF,OFF,0,none,normal,normal,normal,light_unoccupied; hvac_unoccupied
2026-01-09 20:15:00,0,0,24.93,17,OFF,OFF,0,none,normal,normal,normal,light_unoccupied; hvac_unoccupied
2026-01-09 20:20:00,0,0,24.83,14,OFF,OFF,0,none,normal,normal,normal,light_unoccupied; hvac_unoccupied
2026-01-09 20:25:00,0,0,24.73,0,OFF,OFF,0,none,normal,normal,normal,light_unoccupied; hvac_unoccupied
2026-01-09 20:30:00,0,0,24.55,7,OFF,OFF,0,none,normal,normal,normal,light_unoccupied; hvac_unoccupied
2026-01-09 20:35:00,0,0,24.42,0,OFF,OFF,0,none,normal,normal,normal,light_unoccupied; hvac_unoccupied
2026-01-09 20:40:00,0,1,24.24,0,OFF,OFF,0,none,normal,normal,normal,light_unoccupied; hvac_unoccupied
2026-01-09 20:45:00,1,0,24.2,60,ON,OFF,0,none,normal,normal,normal,light_occupied_and_dark; hvac_occupied_within_comfort_band
2026-01-09 20:50:00,0,0,24.09,27,OFF,OFF,0,none,normal,normal,normal,light_unoccupied; hvac_unoccupied
2026-01-09 20:55:00,0,0,23.99,8,OFF,OFF,0,none,normal,normal,normal,light_unoccupied; hvac_unoccupied
2026-01-09 21:00:00,0,0,23.82,0,OFF,OFF,0,none,normal,normal,normal,light_unoccupied; hvac_unoccupied
2026-01-09 21:05:00,0,0,23.76,20,OFF,OFF,0,none,normal,normal,normal,light_unoccupied; hvac_unoccupied
2026-01-09 21:10:00,1,0,23.69,44,ON,OFF,0,none,normal,normal,normal,light_occupied_and_dark; hvac_occupied_within_comfort_band
2026-01-09 21:15:00,0,0,23.62,0,OFF,OFF,0,none,normal,normal,normal,light_unoccupied; hvac_unoccupied
2026-01-09 21:20:00,0,0,23.5,9,OFF,OFF,0,none,normal,normal,normal,light_unoccupied; hvac_unoccupied
2026-01-09 21:25:00,0,0,23.37,40,OFF,OFF,0,none,normal,normal,normal,light_unoccupied; hvac_unoccupied
2026-01-09 21:30:00,0,0,23.19,0,OFF,OFF,0,none,normal,normal,normal,light_unoccupied; hvac_unoccupied
2026-01-09 21:35:00,0,0,23.02,7,OFF,OFF,0,none,normal,normal,normal,light_unoccupied; hvac_unoccupied
2026-01-09 21:40:00,0,0,22.85,0,OFF,OFF,0,none,normal,normal,normal,light_unoccupied; hvac_unoccupied
2026-01-09 21:45:00,0,0,22.76,5,OFF,OFF,0,none,normal,normal,normal,light_unoccupied; hvac_unoccupied
2026-01-09 21:50:00,0,0,22.62,0,OFF,OFF,0,none,normal,normal,normal,light_unoccupied; hvac_unoccupied
2026-01-09 21:55:00,0,0,22.45,14,OFF,OFF,0,none,normal,normal,normal,light_unoccupied; hvac_unoccupied
2026-01-09 22:00:00,0,0,22.34,77,OFF,OFF,0,none,normal,normal,normal,light_unoccupied; hvac_unoccupied
2026-01-09 22:05:00,0,0,22.29,0,OFF,OFF,0,none,normal,normal,normal,light_unoccupied; hvac_unoccupied
2026-01-09 22:10:00,0,0,22.3,20,OFF,OFF,0,none,normal,normal,normal,light_unoccupied; hvac_unoccupied
2026-01-09 22:15:00,0,0,22.24,79,OFF,OFF,0,none,normal,normal,normal,light_unoccupied; hvac_unoccupied
2026-01-09 22:20:00,0,0,22.18,0,OFF,OFF,0,none,normal,normal,normal,light_unoccupied; hvac_unoccupied
2026-01-09 22:25:00,0,0,22.07,73,OFF,OFF,0,none,normal,normal,normal,light_unoccupied; hvac_unoccupied
2026-01-09 22:30:00,0,0,22.09,10,OFF,OFF,0,none,normal,normal,normal,light_unoccupied; hvac_unoccupied
2026-01-09 22:35:00,0,0,21.99,72,OFF,OFF,0,none,normal,normal,normal,light_unoccupied; hvac_unoccupied
2026-01-09 22:40:00,0,0,21.97,36,OFF,OFF,0,none,normal,normal,normal,light_unoccupied; hvac_unoccupied
2026-01-09 22:45:00,0,1,21.89,45,OFF,OFF,0,none,normal,normal,normal,light_unoccupied; hvac_unoccupied
2026-01-09 22:50:00,0,1,21.83,32,OFF,OFF,0,none,normal,normal,normal,light_unoccupied; hvac_unoccupied
2026-01-09 22:55:00,0,1,21.84,13,OFF,OFF,0,none,normal,normal,normal,light_unoccupied; hvac_unoccupied
2026-01-09 23:00:00,0,0,21.77,12,OFF,OFF,0,none,normal,normal,normal,light_unoccupied; hvac_unoccupied
2026-01-09 23:05:00,0,0,21.8,41,OFF,OFF,0,none,normal,normal,normal,light_unoccupied; hvac_unoccupied
2026-01-09 23:10:00,0,0,21.7,9,OFF,OFF,0,none,normal,normal,normal,light_unoccupied; hvac_unoccupied
2026-01-09 23:15:00,0,0,21.7,0,OFF,OFF,0,none,normal,normal,normal,light_unoccupied; hvac_unoccupied
2026-01-09 23:20:00,0,0,21.57,1,OFF,OFF,0,none,normal,normal,normal,light_unoccupied; hvac_unoccupied
2026-01-09 23:25:00,0,0,21.53,44,OFF,OFF,0,none,normal,normal,normal,light_unoccupied; hvac_unoccupied
2026-01-09 23:30:00,0,0,21.47,52,OFF,OFF,0,none,normal,normal,normal,light_unoccupied; hvac_unoccupied
2026-01-09 23:35:00,0,0,21.52,0,OFF,OFF,0,none,normal,normal,normal,light_unoccupied; hvac_unoccupied
2026-01-09 23:40:00,0,0,21.41,0,OFF,OFF,0,none,normal,normal,normal,light_unoccupied; hvac_unoccupied
2026-01-09 23:45:00,0,0,21.27,23,OFF,OFF,0,none,normal,normal,normal,light_unoccupied; hvac_unoccupied
2026-01-09 23:50:00,0,0,21.08,63,OFF,OFF,0,none,normal,normal,normal,light_unoccupied; hvac_unoccupied
2026-01-09 23:55:00,0,0,21.01,50,OFF,OFF,0,none,normal,normal,normal,light_unoccupied; hvac_unoccupied
2026-01-10 00:00:00,0,0,20.79,0,OFF,OFF,0,none,normal,normal,normal,light_unoccupied; hvac_unoccupied
2026-01-10 00:05:00,0,0,20.63,0,OFF,OFF,0,none,normal,normal,normal,light_unoccupied; hvac_unoccupied
2026-01-10 00:10:00,0,0,20.63,0,OFF,OFF,0,none,normal,normal,normal,light_unoccupied; hvac_unoccupied
2026-01-10 00:15:00,0,0,20.63,0,OFF,OFF,0,none,normal,normal,normal,light_unoccupied; hvac_unoccupied
2026-01-10 00:20:00,0,0,20.53,66,OFF,OFF,0,none,normal,normal,normal,light_unoccupied; hvac_unoccupied
2026-01-10 00:25:00,0,0,20.3,0,OFF,OFF,0,none,normal,normal,normal,light_unoccupied; hvac_unoccupied
2026-01-10 00:30:00,0,0,20.12,0,OFF,OFF,0,none,normal,normal,normal,light_unoccupied; hvac_unoccupied
2026-01-10 00:35:00,0,0,20.17,0,OFF,OFF,0,none,normal,normal,normal,light_unoccupied; hvac_unoccupied
2026-01-10 00:40:00,0,0,20.19,20,OFF,OFF,0,none,normal,normal,normal,light_unoccupied; hvac_unoccupied
2026-01-10 00:45:00,0,0,20.23,31,OFF,OFF,0,none,normal,normal,normal,light_unoccupied; hvac_unoccupied
2026-01-10 00:50:00,0,0,20.15,25,OFF,OFF,0,none,normal,normal,normal,light_unoccupied; hvac_unoccupied
2026-01-10 00:55:00,0,0,20.1,51,OFF,OFF,0,none,normal,normal,normal,light_unoccupied; hvac_unoccupied
2026-01-10 01:00:00,0,0,20.02,0,OFF,OFF,0,none,normal,normal,normal,light_unoccupied; hvac_unoccupied
2026-01-10 01:05:00,0,0,19.93,51,OFF,OFF,0,none,normal,normal,normal,light_unoccupied; hvac_unoccupied
2026-01-10 01:10:00,0,0,19.83,0,OFF,OFF,0,none,normal,normal,normal,light_unoccupied; hvac_unoccupied
2026-01-10 01:15:00,0,0,19.84,35,OFF,OFF,0,none,normal,normal,normal,light_unoccupied; hvac_unoccupied
2026-01-10 01:20:00,0,0,19.85,0,OFF,OFF,0,none,normal,normal,normal,light_unoccupied; hvac_unoccupied
2026-01-10 01:25:00,0,0,19.76,10,OFF,OFF,0,none,normal,normal,normal,light_unoccupied; hvac_unoccupied
2026-01-10 01:30:00,0,0,19.77,18,OFF,OFF,0,none,normal,normal,normal,light_unoccupied; hvac_unoccupied
2026-01-10 01:35:00,0,0,19.75,50,OFF,OFF,0,none,normal,normal,normal,light_unoccupied; hvac_unoccupied
2026-01-10 01:40:00,0,0,19.8,0,OFF,OFF,0,none,normal,normal,normal,light_unoccupied; hvac_unoccupied
2026-01-10 01:45:00,0,0,19.77,11,OFF,OFF,0,none,normal,normal,normal,light_unoccupied; hvac_unoccupied
2026-01-10 01:50:00,0,0,19.76,0,OFF,OFF,0,none,normal,normal,normal,light_unoccupied; hvac_unoccupied
2026-01-10 01:55:00,0,0,19.63,27,OFF,OFF,0,none,normal,normal,normal,light_unoccupied; hvac_unoccupied
2026-01-10 02:00:00,0,0,19.62,37,OFF,OFF,0,none,normal,normal,normal,light_unoccupied; hvac_unoccupied
2026-01-10 02:05:00,0,0,19.57,55,OFF,OFF,0,none,normal,normal,normal,light_unoccupied; hvac_unoccupied
2026-01-10 02:10:00,0,0,19.62,0,OFF,OFF,0,none,normal,normal,normal,light_unoccupied; hvac_unoccupied
2026-01-10 02:15:00,0,0,19.62,42,OFF,OFF,0,none,normal,normal,normal,light_unoccupied; hvac_unoccupied
2026-01-10 02:20:00,0,0,19.59,57,OFF,OFF,0,none,normal,normal,normal,light_unoccupied; hvac_unoccupied
2026-01-10 02:25:00,0,0,19.65,0,OFF,OFF,0,none,normal,normal,normal,light_unoccupied; hvac_unoccupied
2026-01-10 02:30:00,0,0,19.65,31,OFF,OFF,0,none,normal,normal,normal,light_unoccupied; hvac_unoccupied
2026-01-10 02:35:00,0,0,19.71,43,OFF,OFF,0,none,normal,normal,normal,light_unoccupied; hvac_unoccupied
2026-01-10 02:40:00,0,0,19.59,0,OFF,OFF,0,none,normal,normal,normal,light_unoccupied; hvac_unoccupied
2026-01-10 02:45:00,0,0,19.4,0,OFF,OFF,0,none,normal,normal,normal,light_unoccupied; hvac_unoccupied
2026-01-10 02:50:00,0,0,19.4,43,OFF,OFF,0,none,normal,normal,normal,light_unoccupied; hvac_unoccupied
2026-01-10 02:55:00,0,0,19.45,0,OFF,OFF,0,none,normal,normal,normal,light_unoccupied; hvac_unoccupied
2026-01-10 03:00:00,0,0,19.52,3,OFF,OFF,0,none,normal,normal,normal,light_unoccupied; hvac_unoccupied
2026-01-10 03:05:00,0,0,19.53,8,OFF,OFF,0,none,normal,normal,normal,light_unoccupied; hvac_unoccupied
2026-01-10 03:10:00,0,0,19.48,35,OFF,OFF,0,none,normal,normal,normal,light_unoccupied; hvac_unoccupied
2026-01-10 03:15:00,0,0,19.5,0,OFF,OFF,0,none,normal,normal,normal,light_unoccupied; hvac_unoccupied
2026-01-10 03:20:00,0,0,19.47,0,OFF,OFF,0,none,normal,normal,normal,light_unoccupied; hvac_unoccupied
2026-01-10 03:25:00,0,0,19.47,13,OFF,OFF,0,none,normal,normal,normal,light_unoccupied; hvac_unoccupied
2026-01-10 03:30:00,0,0,19.49,45,OFF,OFF,0,none,normal,normal,normal,light_unoccupied; hvac_unoccupied
2026-01-10 03:35:00,0,0,19.53,90,OFF,OFF,0,none,normal,normal,normal,light_unoccupied; hvac_unoccupied
2026-01-10 03:40:00,0,0,19.61,0,OFF,OFF,0,none,normal,normal,normal,light_unoccupied; hvac_unoccupied
2026-01-10 03:45:00,0,0,19.69,21,OFF,OFF,0,none,normal,normal,normal,light_unoccupied; hvac_unoccupied
2026-01-10 03:50:00,0,0,19.71,0,OFF,OFF,0,none,normal,normal,normal,light_unoccupied; hvac_unoccupied
2026-01-10 03:55:00,0,0,19.71,45,OFF,OFF,0,none,normal,normal,normal,light_unoccupied; hvac_unoccupied
2026-01-10 04:00:00,0,0,19.56,0,OFF,OFF,0,none,normal,normal,normal,light_unoccupied; hvac_unoccupied
2026-01-10 04:05:00,0,0,19.47,0,OFF,OFF,0,none,normal,normal,normal,light_unoccupied; hvac_unoccupied
2026-01-10 04:10:00,0,0,19.53,0,OFF,OFF,0,none,normal,normal,normal,light_unoccupied; hvac_unoccupied
2026-01-10 04:15:00,0,0,19.59,7,OFF,OFF,0,none,normal,normal,normal,light_unoccupied; hvac_unoccupied
2026-01-10 04:20:00,0,0,19.66,21,OFF,OFF,0,none,normal,normal,normal,light_unoccupied; hvac_unoccupied
2026-01-10 04:25:00,0,0,19.66,26,OFF,OFF,0,none,normal,normal,normal,light_unoccupied; hvac_unoccupied
2026-01-10 04:30:00,0,0,19.85,9,OFF,OFF,0,none,normal,normal,normal,light_unoccupied; hvac_unoccupied
2026-01-10 04:35:00,0,0,19.87,0,OFF,OFF,0,none,normal,normal,normal,light_unoccupied; hvac_unoccupied
2026-01-10 04:40:00,0,0,19.85,35,OFF,OFF,0,none,normal,normal,normal,light_unoccupied; hvac_unoccupied
2026-01-10 04:45:00,0,0,19.81,8,OFF,OFF,0,none,normal,normal,normal,light_unoccupied; hvac_unoccupied
2026-01-10 04:50:00,0,0,19.9,50,OFF,OFF,0,none,normal,normal,normal,light_unoccupied; hvac_unoccupied
2026-01-10 04:55:00,0,0,19.96,0,OFF,OFF,0,none,normal,normal,normal,light_unoccupied; hvac_unoccupied
2026-01-10 05:00:00,0,0,6.4,0,OFF,OFF,1,rolling_zscore,normal,normal,normal,light_unoccupied; hvac_unoccupied
2026-01-10 05:05:00,0,0,20.04,8,OFF,OFF,0,none,normal,normal,normal,light_unoccupied; hvac_unoccupied
2026-01-10 05:10:00,0,0,20.1,55,OFF,OFF,0,none,normal,normal,normal,light_unoccupied; hvac_unoccupied
2026-01-10 05:15:00,0,0,20.12,15,OFF,OFF,0,none,normal,normal,normal,light_unoccupied; hvac_unoccupied
2026-01-10 05:20:00,0,0,20.18,3,OFF,OFF,0,none,normal,normal,normal,light_unoccupied; hvac_unoccupied
2026-01-10 05:25:00,0,0,20.27,0,OFF,OFF,0,none,normal,normal,normal,light_unoccupied; hvac_unoccupied
2026-01-10 05:30:00,0,0,20.3,71,OFF,OFF,0,none,normal,normal,normal,light_unoccupied; hvac_unoccupied
2026-01-10 05:35:00,0,0,20.42,0,OFF,OFF,0,none,normal,normal,normal,light_unoccupied; hvac_unoccupied
2026-01-10 05:40:00,0,0,20.44,0,OFF,OFF,0,none,normal,normal,normal,light_unoccupied; hvac_unoccupied
2026-01-10 05:45:00,0,0,20.5,29,OFF,OFF,0,none,normal,normal,normal,light_unoccupied; hvac_unoccupied
2026-01-10 05:50:00,0,0,20.49,0,OFF,OFF,0,none,normal,normal,normal,light_unoccupied; hvac_unoccupied
2026-01-10 05:55:00,0,0,20.51,54,OFF,OFF,0,none,normal,normal,normal,light_unoccupied; hvac_unoccupied
2026-01-10 06:00:00,0,0,20.61,31,OFF,OFF,0,none,normal,normal,normal,light_unoccupied; hvac_unoccupied
2026-01-10 06:05:00,0,0,20.73,56,OFF,OFF,0,none,normal,normal,normal,light_unoccupied; hvac_unoccupied
2026-01-10 06:10:00,0,0,20.78,991,OFF,OFF,1,rolling_zscore,normal,normal,normal,light_unoccupied; hvac_unoccupied
2026-01-10 06:15:00,0,0,20.79,48,OFF,OFF,0,none,normal,normal,normal,light_unoccupied; hvac_unoccupied
2026-01-10 06:20:00,0,0,20.7,32,OFF,OFF,0,none,normal,normal,normal,light_unoccupied; hvac_unoccupied
2026-01-10 06:25:00,0,0,20.79,79,OFF,OFF,0,none,normal,normal,normal,light_unoccupied; hvac_unoccupied
2026-01-10 06:30:00,0,0,20.9,64,OFF,OFF,0,none,normal,normal,normal,light_unoccupied; hvac_unoccupied
2026-01-10 06:35:00,0,0,21.08,130,OFF,OFF,0,none,normal,normal,normal,light_unoccupied; hvac_unoccupied
2026-01-10 06:40:00,0,0,21.18,156,OFF,OFF,0,none,normal,normal,normal,light_unoccupied; hvac_unoccupied
2026-01-10 06:45:00,0,0,21.05,194,OFF,OFF,0,none,normal,normal,normal,light_unoccupied; hvac_unoccupied
2026-01-10 06:50:00,0,0,21.11,170,OFF,OFF,0,none,normal,normal,normal,light_unoccupied; hvac_unoccupied
2026-01-10 06:55:00,0,0,21.2,203,OFF,OFF,0,none,normal,normal,normal,light_unoccupied; hvac_unoccupied
2026-01-10 07:00:00,0,0,21.45,175,OFF,OFF,0,none,normal,normal,normal,light_unoccupied; hvac_unoccupied
2026-01-10 07:05:00,0,0,21.59,183,OFF,OFF,0,none,normal,normal,normal,light_unoccupied; hvac_unoccupied
2026-01-10 07:10:00,0,0,21.64,231,OFF,OFF,0,none,normal,normal,normal,light_unoccupied; hvac_unoccupied
2026-01-10 07:15:00,0,1,21.72,240,OFF,OFF,0,none,normal,normal,normal,light_unoccupied; hvac_unoccupied
2026-01-10 07:20:00,0,1,21.77,276,OFF,OFF,0,none,normal,normal,normal,light_unoccupied; hvac_unoccupied
2026-01-10 07:25:00,0,0,21.93,219,OFF,OFF,0,none,normal,normal,normal,light_unoccupied; hvac_unoccupied
2026-01-10 07:30:00,0,0,22.0,239,OFF,OFF,0,none,normal,normal,normal,light_unoccupied; hvac_unoccupied
2026-01-10 07:35:00,0,0,22.05,306,OFF,OFF,0,none,normal,normal,normal,light_unoccupied; hvac_unoccupied
2026-01-10 07:40:00,0,0,22.09,328,OFF,OFF,0,none,normal,normal,normal,light_unoccupied; hvac_unoccupied
2026-01-10 07:45:00,0,0,22.31,276,OFF,OFF,0,none,normal,normal,normal,light_unoccupied; hvac_unoccupied
2026-01-10 07:50:00,1,0,22.47,347,OFF,OFF,0,none,normal,normal,normal,light_occupied_but_bright; hvac_occupied_within_comfort_band
2026-01-10 07:55:00,1,0,22.62,318,OFF,OFF,0,none,normal,normal,normal,light_occupied_but_bright; hvac_occupied_within_comfort_band
2026-01-10 08:00:00,1,1,22.64,375,OFF,OFF,0,none,normal,normal,normal,light_occupied_but_bright; hvac_occupied_within_comfort_band
2026-01-10 08:05:00,1,1,22.74,437,OFF,OFF,0,none,normal,normal,normal,light_occupied_but_bright; hvac_occupied_within_comfort_band
2026-01-10 08:10:00,1,1,22.98,428,OFF,OFF,0,none,normal,normal,normal,light_occupied_but_bright; hvac_occupied_within_comfort_band
2026-01-10 08:15:00,1,1,23.07,440,OFF,OFF,0,none,normal,normal,normal,light_occupied_but_bright; hvac_occupied_within_comfort_band
2026-01-10 08:20:00,1,1,23.26,491,OFF,OFF,0,none,normal,normal,normal,light_occupied_but_bright; hvac_occupied_within_comfort_band
2026-01-10 08:25:00,1,1,23.33,412,OFF,OFF,0,none,normal,normal,normal,light_occupied_but_bright; hvac_occupied_within_comfort_band
2026-01-10 08:30:00,1,1,23.62,414,OFF,OFF,0,none,normal,normal,normal,light_occupied_but_bright; hvac_occupied_within_comfort_band
2026-01-10 08:35:00,1,1,23.83,435,OFF,OFF,0,none,normal,normal,normal,light_occupied_but_bright; hvac_occupied_within_comfort_band
2026-01-10 08:40:00,1,1,23.95,463,OFF,OFF,0,none,normal,normal,normal,light_occupied_but_bright; hvac_occupied_within_comfort_band
2026-01-10 08:45:00,1,1,24.11,400,OFF,OFF,0,none,normal,normal,normal,light_occupied_but_bright; hvac_occupied_within_comfort_band
2026-01-10 08:50:00,1,1,24.32,487,OFF,OFF,0,none,normal,normal,normal,light_occupied_but_bright; hvac_occupied_within_comfort_band
2026-01-10 08:55:00,1,1,24.58,486,OFF,OFF,0,none,normal,normal,normal,light_occupied_but_bright; hvac_occupied_within_comfort_band
2026-01-10 09:00:00,1,1,24.84,543,OFF,OFF,0,none,normal,normal,normal,light_occupied_but_bright; hvac_occupied_within_comfort_band
2026-01-10 09:05:00,1,0,24.91,513,OFF,OFF,0,none,normal,normal,normal,light_occupied_but_bright; hvac_occupied_within_comfort_band
2026-01-10 09:10:00,1,0,24.97,490,OFF,OFF,0,none,normal,normal,normal,light_occupied_but_bright; hvac_occupied_within_comfort_band
2026-01-10 09:15:00,1,0,24.89,541,OFF,OFF,0,none,normal,normal,normal,light_occupied_but_bright; hvac_occupied_within_comfort_band
2026-01-10 09:20:00,1,0,24.96,556,OFF,OFF,0,none,normal,normal,normal,light_occupied_but_bright; hvac_occupied_within_comfort_band
2026-01-10 09:25:00,1,0,24.9,513,OFF,OFF,0,none,normal,normal,normal,light_occupied_but_bright; hvac_occupied_within_comfort_band
2026-01-10 09:30:00,1,0,24.89,532,OFF,OFF,0,none,normal,normal,normal,light_occupied_but_bright; hvac_occupied_within_comfort_band
2026-01-10 09:35:00,1,0,24.8,480,OFF,OFF,0,none,normal,normal,normal,light_occupied_but_bright; hvac_occupied_within_comfort_band
2026-01-10 09:40:00,1,0,24.79,528,OFF,OFF,0,none,normal,normal,normal,light_occupied_but_bright; hvac_occupied_within_comfort_band
2026-01-10 09:45:00,1,0,24.63,549,OFF,OFF,0,none,normal,normal,normal,light_occupied_but_bright; hvac_occupied_within_comfort_band
2026-01-10 09:50:00,1,0,24.47,586,OFF,OFF,0,none,normal,normal,normal,light_occupied_but_bright; hvac_occupied_within_comfort_band
2026-01-10 09:55:00,1,1,24.47,583,OFF,OFF,0,none,normal,normal,normal,light_occupied_but_bright; hvac_occupied_within_comfort_band
2026-01-10 10:00:00,1,1,24.61,605,OFF,OFF,0,none,normal,normal,normal,light_occupied_but_bright; hvac_occupied_within_comfort_band
2026-01-10 10:05:00,1,1,24.89,588,OFF,OFF,0,none,normal,normal,normal,light_occupied_but_bright; hvac_occupied_within_comfort_band
2026-01-10 10:10:00,1,1,25.01,644,OFF,OFF,0,none,normal,normal,normal,light_occupied_but_bright; hvac_occupied_within_comfort_band
2026-01-10 10:15:00,1,1,25.27,659,OFF,OFF,0,none,normal,normal,normal,light_occupied_but_bright; hvac_occupied_within_comfort_band
2026-01-10 10:20:00,1,1,25.44,665,OFF,OFF,0,none,normal,normal,normal,light_occupied_but_bright; hvac_occupied_within_comfort_band
2026-01-10 10:25:00,1,1,25.69,657,OFF,OFF,0,none,normal,normal,normal,light_occupied_but_bright; hvac_occupied_within_comfort_band
2026-01-10 10:30:00,1,0,25.81,584,OFF,OFF,0,none,normal,normal,normal,light_occupied_but_bright; hvac_occupied_within_comfort_band
2026-01-10 10:35:00,1,1,26.08,647,OFF,COOLING,0,none,normal,normal,normal,light_occupied_but_bright; hvac_occupied_and_hot
2026-01-10 10:40:00,1,1,26.21,659,OFF,COOLING,0,none,normal,normal,normal,light_occupied_but_bright; hvac_occupied_and_hot
2026-01-10 10:45:00,1,0,26.31,639,OFF,COOLING,0,none,normal,normal,normal,light_occupied_but_bright; hvac_occupied_and_hot
2026-01-10 10:50:00,1,0,26.27,661,OFF,COOLING,0,none,normal,normal,normal,light_occupied_but_bright; hvac_occupied_and_hot
2026-01-10 10:55:00,1,0,26.4,712,OFF,COOLING,0,none,normal,normal,normal,light_occupied_but_bright; hvac_occupied_and_hot
2026-01-10 11:00:00,1,0,26.45,695,OFF,COOLING,0,none,normal,normal,normal,light_occupied_but_bright; hvac_occupied_and_hot
2026-01-10 11:05:00,1,0,26.5,635,OFF,COOLING,0,none,normal,normal,normal,light_occupied_but_bright; hvac_occupied_and_hot
2026-01-10 11:10:00,1,0,26.52,697,OFF,COOLING,0,none,normal,normal,normal,light_occupied_but_bright; hvac_occupied_and_hot
2026-01-10 11:15:00,1,0,26.47,699,OFF,COOLING,0,none,normal,normal,normal,light_occupied_but_bright; hvac_occupied_and_hot
2026-01-10 11:20:00,1,1,26.37,676,OFF,COOLING,0,none,normal,normal,normal,light_occupied_but_bright; hvac_occupied_and_hot
2026-01-10 11:25:00,1,1,26.24,736,OFF,COOLING,0,none,normal,normal,normal,light_occupied_but_bright; hvac_occupied_and_hot
2026-01-10 11:30:00,1,0,26.24,678,OFF,COOLING,0,none,normal,normal,normal,light_occupied_but_bright; hvac_occupied_and_hot
2026-01-10 11:35:00,1,0,26.31,636,OFF,COOLING,0,none,normal,normal,normal,light_occupied_but_bright; hvac_occupied_and_hot
2026-01-10 11:40:00,1,0,26.29,703,OFF,COOLING,0,none,normal,normal,normal,light_occupied_but_bright; hvac_occupied_and_hot
2026-01-10 11:45:00,1,0,26.29,696,OFF,COOLING,0,none,normal,normal,normal,light_occupied_but_bright; hvac_occupied_and_hot
2026-01-10 11:50:00,1,1,26.31,706,OFF,COOLING,0,none,normal,normal,normal,light_occupied_but_bright; hvac_occupied_and_hot
2026-01-10 11:55:00,1,1,26.56,713,OFF,COOLING,0,none,normal,normal,normal,light_occupied_but_bright; hvac_occupied_and_hot
2026-01-10 12:00:00,1,1,26.79,689,OFF,COOLING,0,none,normal,normal,normal,light_occupied_but_bright; hvac_occupied_and_hot
2026-01-10 12:05:00,1,0,26.99,711,OFF,COOLING,0,none,normal,normal,normal,light_occupied_but_bright; hvac_occupied_and_hot
2026-01-10 12:10:00,1,0,27.06,687,OFF,COOLING,0,none,normal,normal,normal,light_occupied_but_bright; hvac_occupied_and_hot
2026-01-10 12:15:00,1,0,27.12,694,OFF,COOLING,0,none,normal,normal,normal,light_occupied_but_bright; hvac_occupied_and_hot
2026-01-10 12:20:00,1,0,27.17,699,OFF,COOLING,0,none,normal,normal,normal,light_occupied_but_bright; hvac_occupied_and_hot
2026-01-10 12:25:00,1,1,27.18,670,OFF,COOLING,0,none,normal,normal,normal,light_occupied_but_bright; hvac_occupied_and_hot
2026-01-10 12:30:00,1,1,27.22,677,OFF,COOLING,0,none,normal,normal,normal,light_occupied_but_bright; hvac_occupied_and_hot
2026-01-10 12:35:00,1,0,27.33,604,OFF,COOLING,0,none,normal,normal,normal,light_occupied_but_bright; hvac_occupied_and_hot
2026-01-10 12:40:00,1,0,27.43,699,OFF,COOLING,0,none,normal,normal,normal,light_occupied_but_bright; hvac_occupied_and_hot
2026-01-10 12:45:00,1,0,27.48,634,OFF,COOLING,0,none,normal,normal,normal,light_occupied_but_bright; hvac_occupied_and_hot
2026-01-10 12:50:00,1,1,27.49,703,OFF,COOLING,0,none,normal,normal,normal,light_occupied_but_bright; hvac_occupied_and_hot
2026-01-10 12:55:00,1,1,27.57,708,OFF,COOLING,0,none,normal,normal,normal,light_occupied_but_bright; hvac_occupied_and_hot
2026-01-10 13:00:00,1,0,27.54,687,OFF,COOLING,0,none,normal,normal,normal,light_occupied_but_bright; hvac_occupied_and_hot
2026-01-10 13:05:00,1,1,27.62,645,OFF,COOLING,0,none,normal,normal,normal,light_occupied_but_bright; hvac_occupied_and_hot
2026-01-10 13:10:00,1,1,27.65,681,OFF,COOLING,0,none,normal,normal,normal,light_occupied_but_bright; hvac_occupied_and_hot
2026-01-10 13:15:00,1,0,27.77,712,OFF,COOLING,0,none,normal,normal,normal,light_occupied_but_bright; hvac_occupied_and_hot
2026-01-10 13:20:00,1,1,27.83,733,OFF,COOLING,0,none,normal,normal,normal,light_occupied_but_bright; hvac_occupied_and_hot
2026-01-10 13:25:00,1,1,27.87,703,OFF,COOLING,0,none,normal,normal,normal,light_occupied_but_bright; hvac_occupied_and_hot
2026-01-10 13:30:00,1,1,27.95,675,OFF,COOLING,0,none,normal,normal,normal,light_occupied_but_bright; hvac_occupied_and_hot
2026-01-10 13:35:00,1,1,28.0,622,OFF,COOLING,0,none,normal,normal,normal,light_occupied_but_bright; hvac_occupied_and_hot
2026-01-10 13:40:00,1,0,28.06,651,OFF,COOLING,0,none,normal,normal,normal,light_occupied_but_bright; hvac_occupied_and_hot
2026-01-10 13:45:00,1,0,28.17,614,OFF,COOLING,0,none,normal,normal,normal,light_occupied_but_bright; hvac_occupied_and_hot
2026-01-10 13:50:00,1,0,28.29,632,OFF,COOLING,0,none,normal,normal,normal,light_occupied_but_bright; hvac_occupied_and_hot
2026-01-10 13:55:00,1,0,28.29,584,OFF,COOLING,0,none,normal,normal,normal,light_occupied_but_bright; hvac_occupied_and_hot
2026-01-10 14:00:00,1,1,28.13,617,OFF,COOLING,0,none,normal,normal,normal,light_occupied_but_bright; hvac_occupied_and_hot
2026-01-10 14:05:00,1,1,28.13,622,OFF,COOLING,0,none,normal,normal,normal,light_occupied_but_bright; hvac_occupied_and_hot
2026-01-10 14:10:00,1,1,28.13,617,OFF,COOLING,0,none,normal,normal,normal,light_occupied_but_bright; hvac_occupied_and_hot
2026-01-10 14:15:00,1,0,28.31,592,OFF,COOLING,0,none,normal,normal,normal,light_occupied_but_bright; hvac_occupied_and_hot
2026-01-10 14:20:00,1,1,28.29,571,OFF,COOLING,0,none,normal,normal,normal,light_occupied_but_bright; hvac_occupied_and_hot
2026-01-10 14:25:00,1,1,28.33,536,OFF,COOLING,0,none,normal,normal,normal,light_occupied_but_bright; hvac_occupied_and_hot
2026-01-10 14:30:00,1,1,28.31,631,OFF,COOLING,0,none,normal,normal,normal,light_occupied_but_bright; hvac_occupied_and_hot
2026-01-10 14:35:00,1,0,28.28,627,OFF,COOLING,0,none,normal,normal,normal,light_occupied_but_bright; hvac_occupied_and_hot
2026-01-10 14:40:00,1,1,28.37,571,OFF,COOLING,0,none,normal,normal,normal,light_occupied_but_bright; hvac_occupied_and_hot
2026-01-10 14:45:00,1,1,28.42,499,OFF,COOLING,0,none,normal,normal,normal,light_occupied_but_bright; hvac_occupied_and_hot
2026-01-10 14:50:00,1,1,28.61,509,OFF,COOLING,0,none,normal,normal,normal,light_occupied_but_bright; hvac_occupied_and_hot
2026-01-10 14:55:00,1,1,28.72,544,OFF,COOLING,0,none,normal,normal,normal,light_occupied_but_bright; hvac_occupied_and_hot
2026-01-10 15:00:00,1,1,28.84,562,OFF,COOLING,0,none,normal,normal,normal,light_occupied_but_bright; hvac_occupied_and_hot
2026-01-10 15:05:00,1,1,28.74,462,OFF,COOLING,0,none,normal,normal,normal,light_occupied_but_bright; hvac_occupied_and_hot
2026-01-10 15:10:00,1,1,28.75,490,OFF,COOLING,0,none,normal,normal,normal,light_occupied_but_bright; hvac_occupied_and_hot
2026-01-10 15:15:00,1,1,28.73,490,OFF,COOLING,0,none,normal,normal,normal,light_occupied_but_bright; hvac_occupied_and_hot
2026-01-10 15:20:00,1,0,28.85,477,OFF,COOLING,0,none,normal,normal,normal,light_occupied_but_bright; hvac_occupied_and_hot
2026-01-10 15:25:00,1,0,28.7,423,OFF,COOLING,0,none,normal,normal,normal,light_occupied_but_bright; hvac_occupied_and_hot
2026-01-10 15:30:00,1,0,28.53,369,OFF,COOLING,0,none,normal,normal,normal,light_occupied_but_bright; hvac_occupied_and_hot
2026-01-10 15:35:00,1,0,28.5,433,OFF,COOLING,0,none,normal,normal,normal,light_occupied_but_bright; hvac_occupied_and_hot
2026-01-10 15:40:00,1,0,28.4,439,OFF,COOLING,0,none,normal,normal,normal,light_occupied_but_bright; hvac_occupied_and_hot
2026-01-10 15:45:00,1,0,28.42,384,OFF,COOLING,0,none,normal,normal,normal,light_occupied_but_bright; hvac_occupied_and_hot
2026-01-10 15:50:00,1,0,28.19,389,OFF,COOLING,0,none,normal,normal,normal,light_occupied_but_bright; hvac_occupied_and_hot
2026-01-10 15:55:00,1,1,28.11,371,OFF,COOLING,0,none,normal,normal,normal,light_occupied_but_bright; hvac_occupied_and_hot
2026-01-10 16:00:00,1,1,27.99,345,OFF,COOLING,0,none,normal,normal,normal,light_occupied_but_bright; hvac_occupied_and_hot
2026-01-10 16:05:00,1,1,27.9,397,OFF,COOLING,0,none,normal,normal,normal,light_occupied_but_bright; hvac_occupied_and_hot
2026-01-10 16:10:00,1,1,27.9,362,OFF,COOLING,0,none,normal,normal,normal,light_occupied_but_bright; hvac_occupied_and_hot
2026-01-10 16:15:00,1,1,27.82,352,OFF,COOLING,0,none,normal,normal,normal,light_occupied_but_bright; hvac_occupied_and_hot
2026-01-10 16:20:00,1,1,27.88,374,OFF,COOLING,0,none,normal,normal,normal,light_occupied_but_bright; hvac_occupied_and_hot
2026-01-10 16:25:00,1,1,27.98,271,ON,COOLING,0,none,normal,normal,normal,light_occupied_and_dark; hvac_occupied_and_hot
2026-01-10 16:30:00,1,1,28.14,275,ON,COOLING,0,none,normal,normal,normal,light_occupied_and_dark; hvac_occupied_and_hot
2026-01-10 16:35:00,1,1,28.18,286,ON,COOLING,0,none,normal,normal,normal,light_occupied_and_dark; hvac_occupied_and_hot
2026-01-10 16:40:00,1,0,28.23,222,ON,COOLING,0,none,normal,normal,normal,light_occupied_and_dark; hvac_occupied_and_hot
2026-01-10 16:45:00,1,0,28.22,255,ON,COOLING,0,none,normal,normal,normal,light_occupied_and_dark; hvac_occupied_and_hot
2026-01-10 16:50:00,1,0,28.23,207,ON,COOLING,0,none,normal,normal,normal,light_occupied_and_dark; hvac_occupied_and_hot
2026-01-10 16:55:00,1,1,28.18,190,ON,COOLING,0,none,normal,normal,normal,light_occupied_and_dark; hvac_occupied_and_hot
2026-01-10 17:00:00,1,1,28.13,213,ON,COOLING,0,none,normal,normal,normal,light_occupied_and_dark; hvac_occupied_and_hot
2026-01-10 17:05:00,1,1,28.06,202,ON,COOLING,0,none,normal,normal,normal,light_occupied_and_dark; hvac_occupied_and_hot
2026-01-10 17:10:00,1,1,28.07,214,ON,COOLING,0,none,normal,normal,normal,light_occupied_and_dark; hvac_occupied_and_hot
2026-01-10 17:15:00,1,0,27.99,156,ON,COOLING,0,none,normal,normal,normal,light_occupied_and_dark; hvac_occupied_and_hot
2026-01-10 17:20:00,1,0,27.91,144,ON,COOLING,0,none,normal,normal,normal,light_occupied_and_dark; hvac_occupied_and_hot
2026-01-10 17:25:00,1,1,27.67,149,ON,COOLING,0,none,normal,normal,normal,light_occupied_and_dark; hvac_occupied_and_hot
2026-01-10 17:30:00,1,0,27.59,92,ON,COOLING,0,none,normal,normal,normal,light_occupied_and_dark; hvac_occupied_and_hot
2026-01-10 17:35:00,1,0,27.44,58,ON,COOLING,0,none,normal,normal,normal,light_occupied_and_dark; hvac_occupied_and_hot
2026-01-10 17:40:00,1,1,27.28,104,ON,COOLING,0,none,normal,normal,normal,light_occupied_and_dark; hvac_occupied_and_hot
2026-01-10 17:45:00,1,1,27.18,67,ON,COOLING,0,none,normal,normal,normal,light_occupied_and_dark; hvac_occupied_and_hot
2026-01-10 17:50:00,1,1,27.34,123,ON,COOLING,0,none,normal,normal,normal,light_occupied_and_dark; hvac_occupied_and_hot
2026-01-10 17:55:00,1,0,27.44,71,ON,COOLING,0,none,normal,normal,normal,light_occupied_and_dark; hvac_occupied_and_hot
2026-01-10 18:00:00,1,0,27.36,32,ON,COOLING,0,none,normal,normal,normal,light_occupied_and_dark; hvac_occupied_and_hot
2026-01-10 18:05:00,1,0,27.18,23,ON,COOLING,0,none,normal,normal,normal,light_occupied_and_dark; hvac_occupied_and_hot
2026-01-10 18:10:00,0,0,26.98,6,OFF,OFF,0,none,normal,normal,normal,light_unoccupied; hvac_unoccupied
2026-01-10 18:15:00,0,0,26.84,0,OFF,OFF,0,none,normal,normal,normal,light_unoccupied; hvac_unoccupied
2026-01-10 18:20:00,0,0,26.65,2,OFF,OFF,0,none,normal,normal,normal,light_unoccupied; hvac_unoccupied
2026-01-10 18:25:00,0,1,26.57,38,OFF,OFF,0,none,normal,normal,normal,light_unoccupied; hvac_unoccupied
2026-01-10 18:30:00,0,0,26.47,18,OFF,OFF,0,none,normal,normal,normal,light_unoccupied; hvac_unoccupied
2026-01-10 18:35:00,0,0,26.41,26,OFF,OFF,0,none,normal,normal,normal,light_unoccupied; hvac_unoccupied
2026-01-10 18:40:00,0,0,26.3,42,OFF,OFF,0,none,normal,normal,normal,light_unoccupied; hvac_unoccupied
2026-01-10 18:45:00,0,0,26.1,0,OFF,OFF,0,none,normal,normal,normal,light_unoccupied; hvac_unoccupied
2026-01-10 18:50:00,0,1,25.94,11,OFF,OFF,0,none,normal,normal,normal,light_unoccupied; hvac_unoccupied
2026-01-10 18:55:00,1,0,25.79,60,ON,OFF,0,none,normal,normal,normal,light_occupied_and_dark; hvac_occupied_within_comfort_band
2026-01-10 19:00:00,0,0,25.85,36,OFF,OFF,0,none,normal,normal,normal,light_unoccupied; hvac_unoccupied
2026-01-10 19:05:00,0,0,25.69,0,OFF,OFF,0,none,normal,normal,normal,light_unoccupied; hvac_unoccupied
2026-01-10 19:10:00,0,0,25.61,6,OFF,OFF,0,none,normal,normal,normal,light_unoccupied; hvac_unoccupied
2026-01-10 19:15:00,0,0,25.46,6,OFF,OFF,0,none,normal,normal,normal,light_unoccupied; hvac_unoccupied
2026-01-10 19:20:00,0,0,25.52,11,OFF,OFF,0,none,normal,normal,normal,light_unoccupied; hvac_unoccupied
2026-01-10 19:25:00,0,0,25.42,26,OFF,OFF,0,none,normal,normal,normal,light_unoccupied; hvac_unoccupied
2026-01-10 19:30:00,1,0,25.41,98,ON,OFF,0,none,normal,normal,normal,light_occupied_and_dark; hvac_occupied_within_comfort_band
2026-01-10 19:35:00,0,0,25.28,16,OFF,OFF,0,none,normal,normal,normal,light_unoccupied; hvac_unoccupied
2026-01-10 19:40:00,0,0,25.18,33,OFF,OFF,0,none,normal,normal,normal,light_unoccupied; hvac_unoccupied
2026-01-10 19:45:00,0,0,25.02,0,OFF,OFF,0,none,normal,normal,normal,light_unoccupied; hvac_unoccupied
2026-01-10 19:50:00,0,0,24.84,0,OFF,OFF,0,none,normal,normal,normal,light_unoccupied; hvac_unoccupied
2026-01-10 19:55:00,1,0,24.78,53,ON,OFF,0,none,normal,normal,normal,light_occupied_and_dark; hvac_occupied_within_comfort_band
2026-01-10 20:00:00,0,0,24.58,24,OFF,OFF,0,none,normal,normal,normal,light_unoccupied; hvac_unoccupied
2026-01-10 20:05:00,0,0,24.47,0,OFF,OFF,0,none,normal,normal,normal,light_unoccupied; hvac_unoccupied
2026-01-10 20:10:00,0,0,24.37,33,OFF,OFF,0,none,normal,normal,normal,light_unoccupied; hvac_unoccupied
2026-01-10 20:15:00,1,0,24.41,77,ON,OFF,0,none,normal,normal,normal,light_occupied_and_dark; hvac_occupied_within_comfort_band
2026-01-10 20:20:00,0,0,24.25,0,OFF,OFF,0,none,normal,normal,normal,light_unoccupied; hvac_unoccupied
2026-01-10 20:25:00,1,0,24.21,63,ON,OFF,0,none,normal,normal,normal,light_occupied_and_dark; hvac_occupied_within_comfort_band
2026-01-10 20:30:00,1,0,24.06,966,OFF,OFF,1,rolling_zscore,normal,normal,normal,light_occupied_but_bright; hvac_occupied_within_comfort_band
2026-01-10 20:35:00,0,0,23.99,42,OFF,OFF,0,none,normal,normal,normal,light_unoccupied; hvac_unoccupied
2026-01-10 20:40:00,0,0,23.68,9,OFF,OFF,0,none,normal,normal,normal,light_unoccupied; hvac_unoccupied
2026-01-10 20:45:00,0,0,23.53,0,OFF,OFF,0,none,normal,normal,normal,light_unoccupied; hvac_unoccupied
2026-01-10 20:50:00,0,0,23.53,25,OFF,OFF,0,none,normal,normal,normal,light_unoccupied; hvac_unoccupied
2026-01-10 20:55:00,1,0,23.59,50,ON,OFF,0,none,normal,normal,normal,light_occupied_and_dark; hvac_occupied_within_comfort_band
2026-01-10 21:00:00,0,0,23.61,22,OFF,OFF,0,none,normal,normal,normal,light_unoccupied; hvac_unoccupied
2026-01-10 21:05:00,0,0,23.5,30,OFF,OFF,0,none,normal,normal,normal,light_unoccupied; hvac_unoccupied
2026-01-10 21:10:00,0,0,23.36,0,OFF,OFF,0,none,normal,normal,normal,light_unoccupied; hvac_unoccupied
2026-01-10 21:15:00,0,0,23.22,0,OFF,OFF,0,none,normal,normal,normal,light_unoccupied; hvac_unoccupied
2026-01-10 21:20:00,0,0,23.16,34,OFF,OFF,0,none,normal,normal,normal,light_unoccupied; hvac_unoccupied
2026-01-10 21:25:00,1,0,23.14,71,ON,OFF,0,none,normal,normal,normal,light_occupied_and_dark; hvac_occupied_within_comfort_band
2026-01-10 21:30:00,1,0,23.04,49,ON,OFF,0,none,normal,normal,normal,light_occupied_and_dark; hvac_occupied_within_comfort_band
2026-01-10 21:35:00,0,0,23.0,0,OFF,OFF,0,none,normal,normal,normal,light_unoccupied; hvac_unoccupied
2026-01-10 21:40:00,0,0,22.87,0,OFF,OFF,0,none,normal,normal,normal,light_unoccupied; hvac_unoccupied
2026-01-10 21:45:00,0,0,22.78,0,OFF,OFF,0,none,normal,normal,normal,light_unoccupied; hvac_unoccupied
2026-01-10 21:50:00,0,0,22.62,0,OFF,OFF,0,none,normal,normal,normal,light_unoccupied; hvac_unoccupied
2026-01-10 21:55:00,0,0,22.62,11,OFF,OFF,0,none,normal,normal,normal,light_unoccupied; hvac_unoccupied
2026-01-10 22:00:00,0,0,22.57,23,OFF,OFF,0,none,normal,normal,normal,light_unoccupied; hvac_unoccupied
2026-01-10 22:05:00,0,0,22.48,0,OFF,OFF,0,none,normal,normal,normal,light_unoccupied; hvac_unoccupied
2026-01-10 22:10:00,0,0,22.39,37,OFF,OFF,0,none,normal,normal,normal,light_unoccupied; hvac_unoccupied
2026-01-10 22:15:00,0,0,22.42,31,OFF,OFF,0,none,normal,normal,normal,light_unoccupied; hvac_unoccupied
2026-01-10 22:20:00,0,0,22.38,0,OFF,OFF,0,none,normal,normal,normal,light_unoccupied; hvac_unoccupied
2026-01-10 22:25:00,0,0,22.31,3,OFF,OFF,0,none,normal,normal,normal,light_unoccupied; hvac_unoccupied
2026-01-10 22:30:00,0,0,22.17,0,OFF,OFF,0,none,normal,normal,normal,light_unoccupied; hvac_unoccupied
2026-01-10 22:35:00,0,0,22.05,0,OFF,OFF,0,none,normal,normal,normal,light_unoccupied; hvac_unoccupied
2026-01-10 22:40:00,0,0,21.91,10,OFF,OFF,0,none,normal,normal,normal,light_unoccupied; hvac_unoccupied
2026-01-10 22:45:00,0,0,21.72,15,OFF,OFF,0,none,normal,normal,normal,light_unoccupied; hvac_unoccupied
2026-01-10 22:50:00,0,0,21.66,23,OFF,OFF,0,none,normal,normal,normal,light_unoccupied; hvac_unoccupied
2026-01-10 22:55:00,0,0,21.55,18,OFF,OFF,0,none,normal,normal,normal,light_unoccupied; hvac_unoccupied
2026-01-10 23:00:00,0,0,21.51,0,OFF,OFF,0,none,normal,normal,normal,light_unoccupied; hvac_unoccupied
2026-01-10 23:05:00,0,0,21.41,20,OFF,OFF,0,none,normal,normal,normal,light_unoccupied; hvac_unoccupied
2026-01-10 23:10:00,0,0,21.35,45,OFF,OFF,0,none,normal,normal,normal,light_unoccupied; hvac_unoccupied
2026-01-10 23:15:00,0,0,21.33,6,OFF,OFF,0,none,normal,normal,normal,light_unoccupied; hvac_unoccupied
2026-01-10 23:20:00,0,0,21.28,21,OFF,OFF,0,none,normal,normal,normal,light_unoccupied; hvac_unoccupied
2026-01-10 23:25:00,0,0,21.13,3,OFF,OFF,0,none,normal,normal,normal,light_unoccupied; hvac_unoccupied
2026-01-10 23:30:00,0,0,21.0,0,OFF,OFF,0,none,normal,normal,normal,light_unoccupied; hvac_unoccupied
2026-01-10 23:35:00,0,0,20.86,28,OFF,OFF,0,none,normal,normal,normal,light_unoccupied; hvac_unoccupied
2026-01-10 23:40:00,0,0,20.9,0,OFF,OFF,0,none,normal,normal,normal,light_unoccupied; hvac_unoccupied
2026-01-10 23:45:00,0,0,20.89,23,OFF,OFF,0,none,normal,normal,normal,light_unoccupied; hvac_unoccupied
2026-01-10 23:50:00,0,0,20.91,10,OFF,OFF,0,none,normal,normal,normal,light_unoccupied; hvac_unoccupied
2026-01-10 23:55:00,0,0,20.8,0,OFF,OFF,0,none,normal,normal,normal,light_unoccupied; hvac_unoccupied
2026-01-11 00:00:00,0,0,20.72,0,OFF,OFF,0,none,normal,normal,normal,light_unoccupied; hvac_unoccupied
2026-01-11 00:05:00,0,0,20.62,0,OFF,OFF,0,none,normal,normal,normal,light_unoccupied; hvac_unoccupied
2026-01-11 00:10:00,0,0,20.54,0,OFF,OFF,0,none,normal,normal,normal,light_unoccupied; hvac_unoccupied
2026-01-11 00:15:00,0,0,20.51,23,OFF,OFF,0,none,normal,normal,normal,light_unoccupied; hvac_unoccupied
2026-01-11 00:20:00,0,0,20.51,18,OFF,OFF,0,none,normal,normal,normal,light_unoccupied; hvac_unoccupied
2026-01-11 00:25:00,0,0,20.56,39,OFF,OFF,0,none,normal,normal,normal,light_unoccupied; hvac_unoccupied
2026-01-11 00:30:00,0,0,20.44,0,OFF,OFF,0,none,normal,normal,normal,light_unoccupied; hvac_unoccupied
2026-01-11 00:35:00,0,0,20.4,76,OFF,OFF,0,none,normal,normal,normal,light_unoccupied; hvac_unoccupied
2026-01-11 00:40:00,0,0,20.28,0,OFF,OFF,0,none,normal,normal,normal,light_unoccupied; hvac_unoccupied
2026-01-11 00:45:00,0,0,20.29,0,OFF,OFF,0,none,normal,normal,normal,light_unoccupied; hvac_unoccupied
2026-01-11 00:50:00,0,0,20.16,0,OFF,OFF,0,none,normal,normal,normal,light_unoccupied; hvac_unoccupied
2026-01-11 00:55:00,0,0,20.12,0,OFF,OFF,0,none,normal,normal,normal,light_unoccupied; hvac_unoccupied
2026-01-11 01:00:00,0,0,19.92,63,OFF,OFF,0,none,normal,normal,normal,light_unoccupied; hvac_unoccupied
2026-01-11 01:05:00,0,0,19.89,57,OFF,OFF,0,none,normal,normal,normal,light_unoccupied; hvac_unoccupied
2026-01-11 01:10:00,0,0,19.86,31,OFF,OFF,0,none,normal,normal,normal,light_unoccupied; hvac_unoccupied
2026-01-11 01:15:00,0,0,19.92,0,OFF,OFF,0,none,normal,normal,normal,light_unoccupied; hvac_unoccupied
2026-01-11 01:20:00,0,0,19.98,73,OFF,OFF,0,none,normal,normal,normal,light_unoccupied; hvac_unoccupied
2026-01-11 01:25:00,0,0,19.88,0,OFF,OFF,0,none,normal,normal,normal,light_unoccupied; hvac_unoccupied
2026-01-11 01:30:00,0,0,19.84,0,OFF,OFF,0,none,normal,normal,normal,light_unoccupied; hvac_unoccupied
2026-01-11 01:35:00,0,0,19.67,60,OFF,OFF,0,none,normal,normal,normal,light_unoccupied; hvac_unoccupied
2026-01-11 01:40:00,0,0,19.67,33,OFF,OFF,0,none,normal,normal,normal,light_unoccupied; hvac_unoccupied
2026-01-11 01:45:00,0,0,19.72,87,OFF,OFF,0,none,normal,normal,normal,light_unoccupied; hvac_unoccupied
2026-01-11 01:50:00,0,0,19.81,18,OFF,OFF,0,none,normal,normal,normal,light_unoccupied; hvac_unoccupied
2026-01-11 01:55:00,0,0,19.78,0,OFF,OFF,0,none,normal,normal,normal,light_unoccupied; hvac_unoccupied
2026-01-11 02:00:00,0,0,19.66,0,OFF,OFF,0,none,normal,normal,normal,light_unoccupied; hvac_unoccupied
2026-01-11 02:05:00,0,0,19.51,0,OFF,OFF,0,none,normal,normal,normal,light_unoccupied; hvac_unoccupied
2026-01-11 02:10:00,0,0,19.59,0,OFF,OFF,0,none,normal,normal,normal,light_unoccupied; hvac_unoccupied
2026-01-11 02:15:00,0,0,19.66,50,OFF,OFF,0,none,normal,normal,normal,light_unoccupied; hvac_unoccupied
2026-01-11 02:20:00,0,0,19.69,30,OFF,OFF,0,none,normal,normal,normal,light_unoccupied; hvac_unoccupied
2026-01-11 02:25:00,0,0,19.54,10,OFF,OFF,0,none,normal,normal,normal,light_unoccupied; hvac_unoccupied
2026-01-11 02:30:00,0,0,19.41,0,OFF,OFF,0,none,normal,normal,normal,light_unoccupied; hvac_unoccupied
2026-01-11 02:35:00,0,0,19.41,17,OFF,OFF,0,none,normal,normal,normal,light_unoccupied; hvac_unoccupied
2026-01-11 02:40:00,0,0,19.5,45,OFF,OFF,0,none,normal,normal,normal,light_unoccupied; hvac_unoccupied
2026-01-11 02:45:00,0,0,19.45,25,OFF,OFF,0,none,normal,normal,normal,light_unoccupied; hvac_unoccupied
2026-01-11 02:50:00,0,0,19.42,15,OFF,OFF,0,none,normal,normal,normal,light_unoccupied; hvac_unoccupied
2026-01-11 02:55:00,0,0,19.47,0,OFF,OFF,0,none,normal,normal,normal,light_unoccupied; hvac_unoccupied
2026-01-11 03:00:00,0,0,19.56,40,OFF,OFF,0,none,normal,normal,normal,light_unoccupied; hvac_unoccupied
2026-01-11 03:05:00,0,0,19.65,0,OFF,OFF,0,none,normal,normal,normal,light_unoccupied; hvac_unoccupied
2026-01-11 03:10:00,0,0,19.6,23,OFF,OFF,0,none,normal,normal,normal,light_unoccupied; hvac_unoccupied
2026-01-11 03:15:00,0,0,19.56,99,OFF,OFF,0,none,normal,normal,normal,light_unoccupied; hvac_unoccupied
2026-01-11 03:20:00,0,0,19.47,0,OFF,OFF,0,none,normal,normal,normal,light_unoccupied; hvac_unoccupied
2026-01-11 03:25:00,0,0,19.44,1,OFF,OFF,0,none,normal,normal,normal,light_unoccupied; hvac_unoccupied
2026-01-11 03:30:00,0,0,19.46,9,OFF,OFF,0,none,normal,normal,normal,light_unoccupied; hvac_unoccupied
2026-01-11 03:35:00,0,0,19.43,0,OFF,OFF,0,none,normal,normal,normal,light_unoccupied; hvac_unoccupied
2026-01-11 03:40:00,0,0,19.53,46,OFF,OFF,0,none,normal,normal,normal,light_unoccupied; hvac_unoccupied
2026-01-11 03:45:00,0,0,19.54,26,OFF,OFF,0,none,normal,normal,normal,light_unoccupied; hvac_unoccupied
2026-01-11 03:50:00,0,0,19.66,15,OFF,OFF,0,none,normal,normal,normal,light_unoccupied; hvac_unoccupied
2026-01-11 03:55:00,0,0,19.58,37,OFF,OFF,0,none,normal,normal,normal,light_unoccupied; hvac_unoccupied
2026-01-11 04:00:00,0,0,19.65,10,OFF,OFF,0,none,normal,normal,normal,light_unoccupied; hvac_unoccupied
2026-01-11 04:05:00,0,0,19.64,121,OFF,OFF,0,none,normal,normal,normal,light_unoccupied; hvac_unoccupied
2026-01-11 04:10:00,0,0,19.66,15,OFF,OFF,0,none,normal,normal,normal,light_unoccupied; hvac_unoccupied
2026-01-11 04:15:00,0,0,19.71,16,OFF,OFF,0,none,normal,normal,normal,light_unoccupied; hvac_unoccupied
2026-01-11 04:20:00,0,0,19.61,0,OFF,OFF,0,none,normal,normal,normal,light_unoccupied; hvac_unoccupied
2026-01-11 04:25:00,0,0,19.69,0,OFF,OFF,0,none,normal,normal,normal,light_unoccupied; hvac_unoccupied
2026-01-11 04:30:00,0,0,19.57,50,OFF,OFF,0,none,normal,normal,normal,light_unoccupied; hvac_unoccupied
2026-01-11 04:35:00,0,0,19.69,0,OFF,OFF,0,none,normal,normal,normal,light_unoccupied; hvac_unoccupied
2026-01-11 04:40:00,0,0,19.75,0,OFF,OFF,0,none,normal,normal,normal,light_unoccupied; hvac_unoccupied
2026-01-11 04:45:00,0,0,19.94,989,OFF,OFF,1,rolling_zscore,normal,normal,normal,light_unoccupied; hvac_unoccupied
2026-01-11 04:50:00,0,0,19.92,57,OFF,OFF,0,none,normal,normal,normal,light_unoccupied; hvac_unoccupied
2026-01-11 04:55:00,0,0,19.86,11,OFF,OFF,0,none,normal,normal,normal,light_unoccupied; hvac_unoccupied
2026-01-11 05:00:00,0,0,19.84,0,OFF,OFF,0,none,normal,normal,normal,light_unoccupied; hvac_unoccupied
2026-01-11 05:05:00,0,0,19.95,0,OFF,OFF,0,none,normal,normal,normal,light_unoccupied; hvac_unoccupied
2026-01-11 05:10:00,0,0,19.95,25,OFF,OFF,0,none,normal,normal,normal,light_unoccupied; hvac_unoccupied
2026-01-11 05:15:00,0,0,6.72,33,OFF,OFF,1,rolling_zscore,normal,normal,normal,light_unoccupied; hvac_unoccupied
2026-01-11 05:20:00,0,0,20.09,0,OFF,OFF,0,none,normal,normal,normal,light_unoccupied; hvac_unoccupied
2026-01-11 05:25:00,0,0,20.22,49,OFF,OFF,0,none,normal,normal,normal,light_unoccupied; hvac_unoccupied
2026-01-11 05:30:00,0,0,20.3,36,OFF,OFF,0,none,normal,normal,normal,light_unoccupied; hvac_unoccupied
2026-01-11 05:35:00,0,0,20.35,49,OFF,OFF,0,none,normal,normal,normal,light_unoccupied; hvac_unoccupied
2026-01-11 05:40:00,0,0,20.39,30,OFF,OFF,0,none,normal,normal,normal,light_unoccupied; hvac_unoccupied
2026-01-11 05:45:00,0,0,20.32,32,OFF,OFF,0,none,normal,normal,normal,light_unoccupied; hvac_unoccupied
2026-01-11 05:50:00,0,0,20.38,28,OFF,OFF,0,none,normal,normal,normal,light_unoccupied; hvac_unoccupied
2026-01-11 05:55:00,0,0,20.41,40,OFF,OFF,0,none,normal,normal,normal,light_unoccupied; hvac_unoccupied
2026-01-11 06:00:00,0,0,20.54,0,OFF,OFF,0,none,normal,normal,normal,light_unoccupied; hvac_unoccupied
2026-01-11 06:05:00,0,0,20.62,0,OFF,OFF,0,none,normal,normal,normal,light_unoccupied; hvac_unoccupied
2026-01-11 06:10:00,0,0,20.8,13,OFF,OFF,0,none,normal,normal,normal,light_unoccupied; hvac_unoccupied
2026-01-11 06:15:00,0,0,20.89,49,OFF,OFF,0,none,normal,normal,normal,light_unoccupied; hvac_unoccupied
2026-01-11 06:20:00,0,0,20.96,82,OFF,OFF,0,none,normal,normal,normal,light_unoccupied; hvac_unoccupied
2026-01-11 06:25:00,0,0,20.88,95,OFF,OFF,0,none,normal,normal,normal,light_unoccupied; hvac_unoccupied
2026-01-11 06:30:00,0,0,20.96,137,OFF,OFF,0,none,normal,normal,normal,light_unoccupied; hvac_unoccupied
2026-01-11 06:35:00,0,0,21.0,153,OFF,OFF,0,none,normal,normal,normal,light_unoccupied; hvac_unoccupied
2026-01-11 06:40:00,0,0,21.21,97,OFF,OFF,0,none,normal,normal,normal,light_unoccupied; hvac_unoccupied
2026-01-11 06:45:00,0,0,21.24,151,OFF,OFF,0,none,normal,normal,normal,light_unoccupied; hvac_unoccupied
2026-01-11 06:50:00,0,0,21.3,127,OFF,OFF,0,none,normal,normal,normal,light_unoccupied; hvac_unoccupied
2026-01-11 06:55:00,0,0,21.36,165,OFF,OFF,0,none,normal,normal,normal,light_unoccupied; hvac_unoccupied
2026-01-11 07:00:00,0,0,21.46,197,OFF,OFF,0,none,normal,normal,normal,light_unoccupied; hvac_unoccupied
2026-01-11 07:05:00,0,0,21.49,80,OFF,OFF,0,none,normal,normal,normal,light_unoccupied; hvac_unoccupied
2026-01-11 07:10:00,0,0,21.64,298,OFF,OFF,0,none,normal,normal,normal,light_unoccupied; hvac_unoccupied
2026-01-11 07:15:00,0,0,21.67,248,OFF,OFF,0,none,normal,normal,normal,light_unoccupied; hvac_unoccupied
2026-01-11 07:20:00,0,0,21.8,221,OFF,OFF,0,none,normal,normal,normal,light_unoccupied; hvac_unoccupied
2026-01-11 07:25:00,0,0,21.77,323,OFF,OFF,0,none,normal,normal,normal,light_unoccupied; hvac_unoccupied
2026-01-11 07:30:00,0,1,21.96,283,OFF,OFF,0,none,normal,normal,normal,light_unoccupied; hvac_unoccupied
2026-01-11 07:35:00,0,1,22.12,313,OFF,OFF,0,none,normal,normal,normal,light_unoccupied; hvac_unoccupied
2026-01-11 07:40:00,0,1,22.3,305,OFF,OFF,0,none,normal,normal,normal,light_unoccupied; hvac_unoccupied
2026-01-11 07:45:00,0,0,22.43,368,OFF,OFF,0,none,normal,normal,normal,light_unoccupied; hvac_unoccupied
2026-01-11 07:50:00,1,0,22.51,320,OFF,OFF,0,none,normal,normal,normal,light_occupied_but_bright; hvac_occupied_within_comfort_band
2026-01-11 07:55:00,1,0,22.71,342,OFF,OFF,0,none,normal,normal,normal,light_occupied_but_bright; hvac_occupied_within_comfort_band
2026-01-11 08:00:00,1,0,22.8,392,OFF,OFF,0,none,normal,normal,normal,light_occupied_but_bright; hvac_occupied_within_comfort_band
2026-01-11 08:05:00,1,0,22.97,383,OFF,OFF,0,none,normal,normal,normal,light_occupied_but_bright; hvac_occupied_within_comfort_band
2026-01-11 08:10:00,1,1,22.97,398,OFF,OFF,0,none,normal,normal,normal,light_occupied_but_bright; hvac_occupied_within_comfort_band
2026-01-11 08:15:00,1,1,23.13,451,OFF,OFF,0,none,normal,normal,normal,light_occupied_but_bright; hvac_occupied_within_comfort_band
2026-01-11 08:20:00,1,1,23.29,513,OFF,OFF,0,none,normal,normal,normal,light_occupied_but_bright; hvac_occupied_within_comfort_band
2026-01-11 08:25:00,1,1,23.44,448,OFF,OFF,0,none,normal,normal,normal,light_occupied_but_bright; hvac_occupied_within_comfort_band
2026-01-11 08:30:00,1,1,23.62,453,OFF,OFF,0,none,normal,normal,normal,light_occupied_but_bright; hvac_occupied_within_comfort_band
2026-01-11 08:35:00,1,0,23.71,441,OFF,OFF,0,none,normal,normal,normal,light_occupied_but_bright; hvac_occupied_within_comfort_band
2026-01-11 08:40:00,1,0,23.84,492,OFF,OFF,0,none,normal,normal,normal,light_occupied_but_bright; hvac_occupied_within_comfort_band
2026-01-11 08:45:00,1,1,23.84,462,OFF,OFF,0,none,normal,normal,normal,light_occupied_but_bright; hvac_occupied_within_comfort_band
2026-01-11 08:50:00,1,1,23.96,484,OFF,OFF,0,none,normal,normal,normal,light_occupied_but_bright; hvac_occupied_within_comfort_band
2026-01-11 08:55:00,1,1,24.07,451,OFF,OFF,0,none,normal,normal,normal,light_occupied_but_bright; hvac_occupied_within_comfort_band
2026-01-11 09:00:00,1,0,24.37,449,OFF,OFF,0,none,normal,normal,normal,light_occupied_but_bright; hvac_occupied_within_comfort_band
2026-01-11 09:05:00,1,1,24.53,508,OFF,OFF,0,none,normal,normal,normal,light_occupied_but_bright; hvac_occupied_within_comfort_band
2026-01-11 09:10:00,1,1,24.73,534,OFF,OFF,0,none,normal,normal,normal,light_occupied_but_bright; hvac_occupied_within_comfort_band
2026-01-11 09:15:00,1,1,24.83,608,OFF,OFF,0,none,normal,normal,normal,light_occupied_but_bright; hvac_occupied_within_comfort_band
2026-01-11 09:20:00,1,1,24.96,574,OFF,OFF,0,none,normal,normal,normal,light_occupied_but_bright; hvac_occupied_within_comfort_band
2026-01-11 09:25:00,1,1,24.95,533,OFF,OFF,0,none,normal,normal,normal,light_occupied_but_bright; hvac_occupied_within_comfort_band
2026-01-11 09:30:00,1,1,24.92,549,OFF,OFF,0,none,normal,normal,normal,light_occupied_but_bright; hvac_occupied_within_comfort_band
2026-01-11 09:35:00,1,1,25.09,631,OFF,OFF,0,none,normal,normal,normal,light_occupied_but_bright; hvac_occupied_within_comfort_band
2026-01-11 09:40:00,1,0,25.23,606,OFF,OFF,0,none,normal,normal,normal,light_occupied_but_bright; hvac_occupied_within_comfort_band
2026-01-11 09:45:00,1,0,25.4,576,OFF,OFF,0,none,normal,normal,normal,light_occupied_but_bright; hvac_occupied_within_comfort_band
2026-01-11 09:50:00,1,0,25.37,568,OFF,OFF,0,none,normal,normal,normal,light_occupied_but_bright; hvac_occupied_within_comfort_band
2026-01-11 09:55:00,1,0,25.41,630,OFF,OFF,0,none,normal,normal,normal,light_occupied_but_bright; hvac_occupied_within_comfort_band
2026-01-11 10:00:00,1,0,25.42,564,OFF,OFF,0,none,normal,normal,normal,light_occupied_but_bright; hvac_occupied_within_comfort_band
2026-01-11 10:05:00,1,1,25.41,644,OFF,OFF,0,none,normal,normal,normal,light_occupied_but_bright; hvac_occupied_within_comfort_band
2026-01-11 10:10:00,1,1,25.42,717,OFF,OFF,0,none,normal,normal,normal,light_occupied_but_bright; hvac_occupied_within_comfort_band
2026-01-11 10:15:00,1,1,25.52,652,OFF,OFF,0,none,normal,normal,normal,light_occupied_but_bright; hvac_occupied_within_comfort_band
2026-01-11 10:20:00,1,1,25.62,624,OFF,OFF,0,none,normal,normal,normal,light_occupied_but_bright; hvac_occupied_within_comfort_band
2026-01-11 10:25:00,1,1,25.61,671,OFF,OFF,0,none,normal,normal,normal,light_occupied_but_bright; hvac_occupied_within_comfort_band
2026-01-11 10:30:00,1,0,25.65,621,OFF,OFF,0,none,normal,normal,normal,light_occupied_but_bright; hvac_occupied_within_comfort_band
2026-01-11 10:35:00,1,0,25.62,594,OFF,OFF,0,none,normal,normal,normal,light_occupied_but_bright; hvac_occupied_within_comfort_band
2026-01-11 10:40:00,1,0,25.78,673,OFF,OFF,0,none,normal,normal,normal,light_occupied_but_bright; hvac_occupied_within_comfort_band
2026-01-11 10:45:00,1,0,25.86,693,OFF,OFF,0,none,normal,normal,normal,light_occupied_but_bright; hvac_occupied_within_comfort_band
2026-01-11 10:50:00,1,0,25.99,647,OFF,OFF,0,none,normal,normal,normal,light_occupied_but_bright; hvac_occupied_within_comfort_band
2026-01-11 10:55:00,1,0,26.09,649,OFF,COOLING,0,none,normal,normal,normal,light_occupied_but_bright; hvac_occupied_and_hot
2026-01-11 11:00:00,1,1,26.15,658,OFF,COOLING,0,none,normal,normal,normal,light_occupied_but_bright; hvac_occupied_and_hot
2026-01-11 11:05:00,1,1,26.34,690,OFF,COOLING,0,none,normal,normal,normal,light_occupied_but_bright; hvac_occupied_and_hot
2026-01-11 11:10:00,1,0,26.32,654,OFF,COOLING,0,none,normal,normal,normal,light_occupied_but_bright; hvac_occupied_and_hot
2026-01-11 11:15:00,1,0,26.3,641,OFF,COOLING,0,none,normal,normal,normal,light_occupied_but_bright; hvac_occupied_and_hot
2026-01-11 11:20:00,1,0,26.2,745,OFF,COOLING,0,none,normal,normal,normal,light_occupied_but_bright; hvac_occupied_and_hot
2026-01-11 11:25:00,1,0,26.19,698,OFF,COOLING,0,none,normal,normal,normal,light_occupied_but_bright; hvac_occupied_and_hot
2026-01-11 11:30:00,1,0,26.24,704,OFF,COOLING,0,none,normal,normal,normal,light_occupied_but_bright; hvac_occupied_and_hot
2026-01-11 11:35:00,1,0,26.21,716,OFF,COOLING,0,none,normal,normal,normal,light_occupied_but_bright; hvac_occupied_and_hot
2026-01-11 11:40:00,1,0,26.39,714,OFF,COOLING,0,none,normal,normal,normal,light_occupied_but_bright; hvac_occupied_and_hot
2026-01-11 11:45:00,1,1,26.55,699,OFF,COOLING,0,none,normal,normal,normal,light_occupied_but_bright; hvac_occupied_and_hot
2026-01-11 11:50:00,1,1,26.74,723,OFF,COOLING,0,none,normal,normal,normal,light_occupied_but_bright; hvac_occupied_and_hot
2026-01-11 11:55:00,1,1,26.85,705,OFF,COOLING,0,none,normal,normal,normal,light_occupied_but_bright; hvac_occupied_and_hot
2026-01-11 12:00:00,1,1,26.95,730,OFF,COOLING,0,none,normal,normal,normal,light_occupied_but_bright; hvac_occupied_and_hot
2026-01-11 12:05:00,1,1,26.98,726,OFF,COOLING,0,none,normal,normal,normal,light_occupied_but_bright; hvac_occupied_and_hot
2026-01-11 12:10:00,1,1,26.99,700,OFF,COOLING,0,none,normal,normal,normal,light_occupied_but_bright; hvac_occupied_and_hot
2026-01-11 12:15:00,1,1,27.14,667,OFF,COOLING,0,none,normal,normal,normal,light_occupied_but_bright; hvac_occupied_and_hot
2026-01-11 12:20:00,1,1,27.39,717,OFF,COOLING,0,none,normal,normal,normal,light_occupied_but_bright; hvac_occupied_and_hot
2026-01-11 12:25:00,1,1,27.63,703,OFF,COOLING,0,none,normal,normal,normal,light_occupied_but_bright; hvac_occupied_and_hot
2026-01-11 12:30:00,1,1,27.75,643,OFF,COOLING,0,none,normal,normal,normal,light_occupied_but_bright; hvac_occupied_and_hot
2026-01-11 12:35:00,1,1,27.79,724,OFF,COOLING,0,none,normal,normal,normal,light_occupied_but_bright; hvac_occupied_and_hot
2026-01-11 12:40:00,1,1,27.97,738,OFF,COOLING,0,none,normal,normal,normal,light_occupied_but_bright; hvac_occupied_and_hot
2026-01-11 12:45:00,1,0,28.03,765,OFF,COOLING,0,none,normal,normal,normal,light_occupied_but_bright; hvac_occupied_and_hot
2026-01-11 12:50:00,1,0,28.2,660,OFF,COOLING,0,none,normal,normal,normal,light_occupied_but_bright; hvac_occupied_and_hot
2026-01-11 12:55:00,1,0,28.18,651,OFF,COOLING,0,none,normal,normal,normal,light_occupied_but_bright; hvac_occupied_and_hot
2026-01-11 13:00:00,1,0,28.17,627,OFF,COOLING,0,none,normal,normal,normal,light_occupied_but_bright; hvac_occupied_and_hot
2026-01-11 13:05:00,1,0,28.06,670,OFF,COOLING,0,none,normal,normal,normal,light_occupied_but_bright; hvac_occupied_and_hot
2026-01-11 13:10:00,1,1,27.9,690,OFF,COOLING,0,none,normal,normal,normal,light_occupied_but_bright; hvac_occupied_and_hot
2026-01-11 13:15:00,1,1,27.9,650,OFF,COOLING,0,none,normal,normal,normal,light_occupied_but_bright; hvac_occupied_and_hot
2026-01-11 13:20:00,1,1,27.95,667,OFF,COOLING,0,none,normal,normal,normal,light_occupied_but_bright; hvac_occupied_and_hot
2026-01-11 13:25:00,1,1,28.12,599,OFF,COOLING,0,none,normal,normal,normal,light_occupied_but_bright; hvac_occupied_and_hot
2026-01-11 13:30:00,1,1,28.24,695,OFF,COOLING,0,none,normal,normal,normal,light_occupied_but_bright; hvac_occupied_and_hot
2026-01-11 13:35:00,1,1,28.15,630,OFF,COOLING,0,none,normal,normal,normal,light_occupied_but_bright; hvac_occupied_and_hot
2026-01-11 13:40:00,1,1,28.1,650,OFF,COOLING,0,none,normal,normal,normal,light_occupied_but_bright; hvac_occupied_and_hot
2026-01-11 13:45:00,1,1,28.03,594,OFF,COOLING,0,none,normal,normal,normal,light_occupied_but_bright; hvac_occupied_and_hot
2026-01-11 13:50:00,1,1,28.24,617,OFF,COOLING,0,none,normal,normal,normal,light_occupied_but_bright; hvac_occupied_and_hot
2026-01-11 13:55:00,1,0,28.37,596,OFF,COOLING,0,none,normal,normal,normal,light_occupied_but_bright; hvac_occupied_and_hot
2026-01-11 14:00:00,1,1,28.5,623,OFF,COOLING,0,none,normal,normal,normal,light_occupied_but_bright; hvac_occupied_and_hot
2026-01-11 14:05:00,1,1,28.65,633,OFF,COOLING,0,none,normal,normal,normal,light_occupied_but_bright; hvac_occupied_and_hot
2026-01-11 14:10:00,1,1,28.7,658,OFF,COOLING,0,none,normal,normal,normal,light_occupied_but_bright; hvac_occupied_and_hot
2026-01-11 14:15:00,1,1,28.72,626,OFF,COOLING,0,none,normal,normal,normal,light_occupied_but_bright; hvac_occupied_and_hot
2026-01-11 14:20:00,1,1,28.64,625,OFF,COOLING,0,none,normal,normal,normal,light_occupied_but_bright; hvac_occupied_and_hot
2026-01-11 14:25:00,1,0,28.65,608,OFF,COOLING,0,none,normal,normal,normal,light_occupied_but_bright; hvac_occupied_and_hot
2026-01-11 14:30:00,1,0,28.57,569,OFF,COOLING,0,none,normal,normal,normal,light_occupied_but_bright; hvac_occupied_and_hot
2026-01-11 14:35:00,1,1,28.55,564,OFF,COOLING,0,none,normal,normal,normal,light_occupied_but_bright; hvac_occupied_and_hot
2026-01-11 14:40:00,1,1,28.53,591,OFF,COOLING,0,none,normal,normal,normal,light_occupied_but_bright; hvac_occupied_and_hot
2026-01-11 14:45:00,1,0,28.52,558,OFF,COOLING,0,none,normal,normal,normal,light_occupied_but_bright; hvac_occupied_and_hot
2026-01-11 14:50:00,1,0,28.49,534,OFF,COOLING,0,none,normal,normal,normal,light_occupied_but_bright; hvac_occupied_and_hot
2026-01-11 14:55:00,1,1,28.46,475,OFF,COOLING,0,none,normal,normal,normal,light_occupied_but_bright; hvac_occupied_and_hot
2026-01-11 15:00:00,1,1,28.55,486,OFF,COOLING,0,none,normal,normal,normal,light_occupied_but_bright; hvac_occupied_and_hot
2026-01-11 15:05:00,1,1,28.54,495,OFF,COOLING,0,none,normal,normal,normal,light_occupied_but_bright; hvac_occupied_and_hot
2026-01-11 15:10:00,1,1,28.54,521,OFF,COOLING,0,none,normal,normal,normal,light_occupied_but_bright; hvac_occupied_and_hot
2026-01-11 15:15:00,1,1,28.46,482,OFF,COOLING,0,none,normal,normal,normal,light_occupied_but_bright; hvac_occupied_and_hot
2026-01-11 15:20:00,1,0,28.42,486,OFF,COOLING,0,none,normal,normal,normal,light_occupied_but_bright; hvac_occupied_and_hot
2026-01-11 15:25:00,1,0,28.41,481,OFF,COOLING,0,none,normal,normal,normal,light_occupied_but_bright; hvac_occupied_and_hot
2026-01-11 15:30:00,1,0,28.37,465,OFF,COOLING,0,none,normal,normal,normal,light_occupied_but_bright; hvac_occupied_and_hot
2026-01-11 15:35:00,1,0,28.34,454,OFF,COOLING,0,none,normal,normal,normal,light_occupied_but_bright; hvac_occupied_and_hot
2026-01-11 15:40:00,1,0,28.17,363,OFF,COOLING,0,none,normal,normal,normal,light_occupied_but_bright; hvac_occupied_and_hot
2026-01-11 15:45:00,1,1,28.17,429,OFF,COOLING,0,none,normal,normal,normal,light_occupied_but_bright; hvac_occupied_and_hot
2026-01-11 15:50:00,1,1,28.14,379,OFF,COOLING,0,none,normal,normal,normal,light_occupied_but_bright; hvac_occupied_and_hot
2026-01-11 15:55:00,1,1,28.29,330,OFF,COOLING,0,none,normal,normal,normal,light_occupied_but_bright; hvac_occupied_and_hot
2026-01-11 16:00:00,1,1,28.28,364,OFF,COOLING,0,none,normal,normal,normal,light_occupied_but_bright; hvac_occupied_and_hot
2026-01-11 16:05:00,1,1,28.36,408,OFF,COOLING,0,none,normal,normal,normal,light_occupied_but_bright; hvac_occupied_and_hot
2026-01-11 16:10:00,1,1,28.24,365,OFF,COOLING,0,none,normal,normal,normal,light_occupied_but_bright; hvac_occupied_and_hot
2026-01-11 16:15:00,1,1,28.13,406,OFF,COOLING,0,none,normal,normal,normal,light_occupied_but_bright; hvac_occupied_and_hot
2026-01-11 16:20:00,1,1,28.04,328,OFF,COOLING,0,none,normal,normal,normal,light_occupied_but_bright; hvac_occupied_and_hot
2026-01-11 16:25:00,1,0,28.04,369,OFF,COOLING,0,none,normal,normal,normal,light_occupied_but_bright; hvac_occupied_and_hot
2026-01-11 16:30:00,1,0,28.06,276,ON,COOLING,0,none,normal,normal,normal,light_occupied_and_dark; hvac_occupied_and_hot
2026-01-11 16:35:00,1,0,28.09,996,OFF,COOLING,1,rolling_zscore,normal,normal,normal,light_occupied_but_bright; hvac_occupied_and_hot
2026-01-11 16:40:00,1,1,28.16,222,ON,COOLING,0,none,normal,normal,normal,light_occupied_and_dark; hvac_occupied_and_hot
2026-01-11 16:45:00,1,1,28.21,292,ON,COOLING,0,none,normal,normal,normal,light_occupied_and_dark; hvac_occupied_and_hot
2026-01-11 16:50:00,1,1,28.17,221,ON,COOLING,0,none,normal,normal,normal,light_occupied_and_dark; hvac_occupied_and_hot
2026-01-11 16:55:00,1,1,28.1,202,ON,COOLING,0,none,normal,normal,normal,light_occupied_and_dark; hvac_occupied_and_hot
2026-01-11 17:00:00,1,1,28.16,255,ON,COOLING,0,none,normal,normal,normal,light_occupied_and_dark; hvac_occupied_and_hot
2026-01-11 17:05:00,1,1,28.1,237,ON,COOLING,0,none,normal,normal,normal,light_occupied_and_dark; hvac_occupied_and_hot
2026-01-11 17:10:00,1,1,28.02,221,ON,COOLING,0,none,normal,normal,normal,light_occupied_and_dark; hvac_occupied_and_hot
2026-01-11 17:15:00,1,1,27.93,154,ON,COOLING,0,none,normal,normal,normal,light_occupied_and_dark; hvac_occupied_and_hot
2026-01-11 17:20:00,1,1,27.91,151,ON,COOLING,0,none,normal,normal,normal,light_occupied_and_dark; hvac_occupied_and_hot
2026-01-11 17:25:00,1,0,28.03,111,ON,COOLING,0,none,normal,normal,normal,light_occupied_and_dark; hvac_occupied_and_hot
2026-01-11 17:30:00,1,0,27.92,126,ON,COOLING,0,none,normal,normal,normal,light_occupied_and_dark; hvac_occupied_and_hot
2026-01-11 17:35:00,1,1,39.03,163,ON,COOLING,1,rolling_zscore,normal,normal,normal,light_occupied_and_dark; hvac_occupied_and_hot
2026-01-11 17:40:00,1,0,27.86,82,ON,COOLING,0,none,normal,normal,normal,light_occupied_and_dark; hvac_occupied_and_hot
2026-01-11 17:45:00,1,1,27.8,148,ON,COOLING,0,none,normal,normal,normal,light_occupied_and_dark; hvac_occupied_and_hot
2026-01-11 17:50:00,1,0,27.58,71,ON,COOLING,0,none,normal,normal,normal,light_occupied_and_dark; hvac_occupied_and_hot
2026-01-11 17:55:00,1,0,27.42,16,ON,COOLING,0,none,normal,normal,normal,light_occupied_and_dark; hvac_occupied_and_hot
2026-01-11 18:00:00,1,1,27.33,64,ON,COOLING,0,none,normal,normal,normal,light_occupied_and_dark; hvac_occupied_and_hot
2026-01-11 18:05:00,1,0,27.16,69,ON,COOLING,0,none,normal,normal,normal,light_occupied_and_dark; hvac_occupied_and_hot
2026-01-11 18:10:00,1,0,26.92,79,ON,COOLING,0,none,normal,normal,normal,light_occupied_and_dark; hvac_occupied_and_hot
2026-01-11 18:15:00,1,0,26.57,51,ON,COOLING,0,none,normal,normal,normal,light_occupied_and_dark; hvac_occupied_and_hot
2026-01-11 18:20:00,0,0,26.48,10,OFF,OFF,0,none,normal,normal,normal,light_unoccupied; hvac_unoccupied
2026-01-11 18:25:00,0,0,26.38,2,OFF,OFF,0,none,normal,normal,normal,light_unoccupied; hvac_unoccupied
2026-01-11 18:30:00,1,1,26.43,55,ON,COOLING,0,none,normal,normal,normal,light_occupied_and_dark; hvac_occupied_and_hot
2026-01-11 18:35:00,1,0,26.25,68,ON,COOLING,0,none,normal,normal,normal,light_occupied_and_dark; hvac_occupied_and_hot
2026-01-11 18:40:00,0,0,26.13,25,OFF,OFF,0,none,normal,normal,normal,light_unoccupied; hvac_unoccupied
2026-01-11 18:45:00,0,0,25.96,25,OFF,OFF,0,none,normal,normal,normal,light_unoccupied; hvac_unoccupied
2026-01-11 18:50:00,0,0,25.9,11,OFF,OFF,0,none,normal,normal,normal,light_unoccupied; hvac_unoccupied
2026-01-11 18:55:00,0,0,25.85,0,OFF,OFF,0,none,normal,normal,normal,light_unoccupied; hvac_unoccupied
2026-01-11 19:00:00,0,0,25.78,4,OFF,OFF,0,none,normal,normal,normal,light_unoccupied; hvac_unoccupied
2026-01-11 19:05:00,0,0,25.81,14,OFF,OFF,0,none,normal,normal,normal,light_unoccupied; hvac_unoccupied
2026-01-11 19:10:00,1,1,25.73,95,ON,OFF,0,none,normal,normal,normal,light_occupied_and_dark; hvac_occupied_within_comfort_band
2026-01-11 19:15:00,0,0,25.72,1,OFF,OFF,0,none,normal,normal,normal,light_unoccupied; hvac_unoccupied
2026-01-11 19:20:00,0,0,25.53,11,OFF,OFF,0,none,normal,normal,normal,light_unoccupied; hvac_unoccupied
2026-01-11 19:25:00,0,0,25.37,0,OFF,OFF,0,none,normal,normal,normal,light_unoccupied; hvac_unoccupied
2026-01-11 19:30:00,0,0,25.18,35,OFF,OFF,0,none,normal,normal,normal,light_unoccupied; hvac_unoccupied
2026-01-11 19:35:00,1,0,25.02,57,ON,OFF,0,none,normal,normal,normal,light_occupied_and_dark; hvac_occupied_within_comfort_band
2026-01-11 19:40:00,1,0,24.98,66,ON,OFF,0,none,normal,normal,normal,light_occupied_and_dark; hvac_occupied_within_comfort_band
2026-01-11 19:45:00,0,0,24.87,17,OFF,OFF,0,none,normal,normal,normal,light_unoccupied; hvac_unoccupied
2026-01-11 19:50:00,0,0,24.77,30,OFF,OFF,0,none,normal,normal,normal,light_unoccupied; hvac_unoccupied
2026-01-11 19:55:00,0,0,24.78,4,OFF,OFF,0,none,normal,normal,normal,light_unoccupied; hvac_unoccupied
2026-01-11 20:00:00,0,0,24.71,28,OFF,OFF,0,none,normal,normal,normal,light_unoccupied; hvac_unoccupied
2026-01-11 20:05:00,0,0,24.64,20,OFF,OFF,0,none,normal,normal,normal,light_unoccupied; hvac_unoccupied
2026-01-11 20:10:00,0,0,24.47,12,OFF,OFF,0,none,normal,normal,normal,light_unoccupied; hvac_unoccupied
2026-01-11 20:15:00,0,0,24.33,14,OFF,OFF,0,none,normal,normal,normal,light_unoccupied; hvac_unoccupied
2026-01-11 20:20:00,0,0,24.34,25,OFF,OFF,0,none,normal,normal,normal,light_unoccupied; hvac_unoccupied
2026-01-11 20:25:00,0,0,24.18,0,OFF,OFF,0,none,normal,normal,normal,light_unoccupied; hvac_unoccupied
2026-01-11 20:30:00,0,0,24.1,1,OFF,OFF,0,none,normal,normal,normal,light_unoccupied; hvac_unoccupied
2026-01-11 20:35:00,1,0,23.98,69,ON,OFF,0,none,normal,normal,normal,light_occupied_and_dark; hvac_occupied_within_comfort_band
2026-01-11 20:40:00,1,0,23.96,104,ON,OFF,0,none,normal,normal,normal,light_occupied_and_dark; hvac_occupied_within_comfort_band
2026-01-11 20:45:00,0,0,23.93,0,OFF,OFF,0,none,normal,normal,normal,light_unoccupied; hvac_unoccupied
2026-01-11 20:50:00,0,0,23.83,0,OFF,OFF,0,none,normal,normal,normal,light_unoccupied; hvac_unoccupied
2026-01-11 20:55:00,0,0,23.73,0,OFF,OFF,0,none,normal,normal,normal,light_unoccupied; hvac_unoccupied
2026-01-11 21:00:00,0,0,23.65,6,OFF,OFF,0,none,normal,normal,normal,light_unoccupied; hvac_unoccupied
2026-01-11 21:05:00,0,0,23.57,41,OFF,OFF,0,none,normal,normal,normal,light_unoccupied; hvac_unoccupied
2026-01-11 21:10:00,0,0,23.45,30,OFF,OFF,0,none,normal,normal,normal,light_unoccupied; hvac_unoccupied
2026-01-11 21:15:00,0,0,23.26,16,OFF,OFF,0,none,normal,normal,normal,light_unoccupied; hvac_unoccupied
2026-01-11 21:20:00,0,0,23.19,28,OFF,OFF,0,none,normal,normal,normal,light_unoccupied; hvac_unoccupied
2026-01-11 21:25:00,0,0,23.11,0,OFF,OFF,0,none,normal,normal,normal,light_unoccupied; hvac_unoccupied
2026-01-11 21:30:00,0,0,23.08,1,OFF,OFF,0,none,normal,normal,normal,light_unoccupied; hvac_unoccupied
2026-01-11 21:35:00,0,0,23.02,9,OFF,OFF,0,none,normal,normal,normal,light_unoccupied; hvac_unoccupied
2026-01-11 21:40:00,0,0,22.86,0,OFF,OFF,0,none,normal,normal,normal,light_unoccupied; hvac_unoccupied
2026-01-11 21:45:00,0,0,22.88,0,OFF,OFF,0,none,normal,normal,normal,light_unoccupied; hvac_unoccupied
2026-01-11 21:50:00,0,0,22.73,0,OFF,OFF,0,none,normal,normal,normal,light_unoccupied; hvac_unoccupied
2026-01-11 21:55:00,0,0,22.73,36,OFF,OFF,0,none,normal,normal,normal,light_unoccupied; hvac_unoccupied
2026-01-11 22:00:00,0,0,22.54,18,OFF,OFF,0,none,normal,normal,normal,light_unoccupied; hvac_unoccupied
2026-01-11 22:05:00,0,0,22.38,31,OFF,OFF,0,none,normal,normal,normal,light_unoccupied; hvac_unoccupied
2026-01-11 22:10:00,0,0,22.27,0,OFF,OFF,0,none,normal,normal,normal,light_unoccupied; hvac_unoccupied
2026-01-11 22:15:00,0,0,22.22,0,OFF,OFF,0,none,normal,normal,normal,light_unoccupied; hvac_unoccupied
2026-01-11 22:20:00,0,0,22.26,33,OFF,OFF,0,none,normal,normal,normal,light_unoccupied; hvac_unoccupied
2026-01-11 22:25:00,0,0,22.17,0,OFF,OFF,0,none,normal,normal,normal,light_unoccupied; hvac_unoccupied
2026-01-11 22:30:00,0,0,21.96,52,OFF,OFF,0,none,normal,normal,normal,light_unoccupied; hvac_unoccupied
2026-01-11 22:35:00,0,0,21.77,0,OFF,OFF,0,none,normal,normal,normal,light_unoccupied; hvac_unoccupied
2026-01-11 22:40:00,0,0,21.81,39,OFF,OFF,0,none,normal,normal,normal,light_unoccupied; hvac_unoccupied
2026-01-11 22:45:00,0,0,21.78,0,OFF,OFF,0,none,normal,normal,normal,light_unoccupied; hvac_unoccupied
2026-01-11 22:50:00,0,0,21.85,46,OFF,OFF,0,none,normal,normal,normal,light_unoccupied; hvac_unoccupied
2026-01-11 22:55:00,0,0,21.62,122,OFF,OFF,0,none,normal,normal,normal,light_unoccupied; hvac_unoccupied
2026-01-11 23:00:00,0,0,21.59,0,OFF,OFF,0,none,normal,normal,normal,light_unoccupied; hvac_unoccupied
2026-01-11 23:05:00,0,0,21.48,34,OFF,OFF,0,none,normal,normal,normal,light_unoccupied; hvac_unoccupied
2026-01-11 23:10:00,0,0,21.41,0,OFF,OFF,0,none,normal,normal,normal,light_unoccupied; hvac_unoccupied
2026-01-11 23:15:00,0,0,21.42,24,OFF,OFF,0,none,normal,normal,normal,light_unoccupied; hvac_unoccupied
2026-01-11 23:20:00,0,0,21.32,2,OFF,OFF,0,none,normal,normal,normal,light_unoccupied; hvac_unoccupied
2026-01-11 23:25:00,0,0,21.31,14,OFF,OFF,0,none,normal,normal,normal,light_unoccupied; hvac_unoccupied
2026-01-11 23:30:00,0,0,21.15,0,OFF,OFF,0,none,normal,normal,normal,light_unoccupied; hvac_unoccupied
2026-01-11 23:35:00,0,0,21.11,37,OFF,OFF,0,none,normal,normal,normal,light_unoccupied; hvac_unoccupied
2026-01-11 23:40:00,0,0,21.1,0,OFF,OFF,0,none,normal,normal,normal,light_unoccupied; hvac_unoccupied
2026-01-11 23:45:00,0,0,21.03,53,OFF,OFF,0,none,normal,normal,normal,light_unoccupied; hvac_unoccupied
2026-01-11 23:50:00,0,0,21.02,0,OFF,OFF,0,none,normal,normal,normal,light_unoccupied; hvac_unoccupied
2026-01-11 23:55:00,0,0,20.85,0,OFF,OFF,0,none,normal,normal,normal,light_unoccupied; hvac_unoccupied
